﻿<?xml version="1.0" encoding="UTF-8" standalone="yes"?>
<addon id="plugin.game.startime" name="Звездный час" version="0.2.1" provider-name="TDW">
    <extension point="xbmc.python.pluginsource" library="main.py">
        <provides>game executable</provides>
    </extension>
    <extension point="xbmc.addon.metadata">
        <platform>all</platform>
        <summary>Генератор случайных слов для игр</summary>
        <description>Генератор случайных слов для игр</description>
        <disclaimer>Генератор случайных слов для игр</disclaimer>
    </extension>
</addon>
