<?xml version="1.0" encoding="UTF-8" standalone="yes"?>
<addon id="plugin.video.pazl3.tv"
       name="Пазл ТВ 3.0"
       version="3.0.3"
       provider-name="TDW">
  <requires>
    <import addon="xbmc.python" version="2.1.0"/>
  </requires>
  <extension point="xbmc.python.script"
            library="main.py">
        <provides>video</provides>
  </extension>
  <extension point="xbmc.addon.metadata">
    <summary>Клиент для Пазл ТВ 3</summary>
    <description>
Donate: http://paypal.me/tdw1980
Внимание: Для работы требуется ПАЗЛ Сервер 3
Клиентская часть телевизионного агрегатора объединяющего в себе телеканалы нескольких сайтов (~1500 каналов). Позволяет сортировать каналы по группам. Объединять одинаковые каналы. Поддерживает телепрограмму и переключение каналов в плеере.</description>
    <platform>all</platform>
  </extension>
</addon>
