<?xml version="1.0" encoding="UTF-8" standalone="yes"?>
<addon id="plugin.audio.muzofond.fm"
       name="Muzofond.fm"
       version="0.1.2"
       provider-name="TDW">
  <requires>
  </requires>
  <extension point="xbmc.python.pluginsource"
            library="default.py">
        <provides>audio</provides>
  </extension>
  <extension point="xbmc.addon.metadata">
    <platform>all</platform>
    <summary>muzofond.fm</summary>
    <description>muzofond.fm</description>
    <assets>
        <icon>icon.png</icon>
    </assets>
  </extension>
</addon>
