<?xml version="1.0" encoding="UTF-8" standalone="yes"?>
<addon id="plugin.audio.music.mail.ru"
       name="Музыка"
       version="0.1.0"
       provider-name="TDW">
  <requires>
    <import addon="xbmc.python" version="2.1.0"/>
  </requires>
  <extension point="xbmc.python.pluginsource"
            library="default.py">
        <provides>audio</provides>
  </extension>
  <extension point="xbmc.addon.metadata">
    <platform>all</platform>
    <summary>Музыка от пользователей Mail.ru</summary>
    <description>Музыка от пользователей Mail.ru</description>
  </extension>
</addon>
