<?xml version="1.0" encoding="UTF-8" standalone="yes"?>
<addon id="plugin.video.LostFilm3"
       name="LostFilm-3.0"
       version="3.4.3"
       provider-name="TDW">
  <requires>
    <import addon="xbmc.python" version="2.1.0"/>
    <import addon="script.module.torrent.ts"/>
    <import addon="script.module.torrent2http"/>
  </requires>
  <extension point="xbmc.python.pluginsource"
            library="default.py">
        <provides>video</provides>
  </extension>
  <extension point="xbmc.addon.metadata">
    <summary>LostFilm</summary>
    <description>LostFilm.tv - лучшие сериалы</description>
    <platform>all</platform>
  </extension>
</addon>
