<?xml version="1.0" encoding="UTF-8" standalone="yes"?>
<addon id="plugin.video.pazl.arhive"
       name="Пазл АРХИВ"
       version="0.4.1"
       provider-name="TDW">
  <requires>
    <import addon="xbmc.python" version="2.1.0"/>
  </requires>
  <extension point="xbmc.python.pluginsource"
            library="default.py">
        <provides>video</provides>
  </extension>
  <extension point="xbmc.addon.metadata">
    <summary>Пазл Архив (Телевидение)</summary>
    <description>Архив телепередач.</description>
    <platform>all</platform>
  </extension>
</addon>
