<?xml version="1.0" encoding="UTF-8"?>
<overrides>
	<doNotShareMenu />
	<alwaysRestore>True</alwaysRestore>
	<background label="smartshortcuts">||BROWSE||special://skin/extras/backgrounds</background>
	<backgroundBrowse default="protocol://">True</backgroundBrowse>
	<icon image="DefaultShortcut.png">DefaultFolder.png</icon>
	<icon image="DefaultAudio.png">DefaultFolder.png</icon>
	<icon image="DefaultPlaylist.png">DefaultVideoPlaylists.png</icon>
	<icon image="DefaultAudio.png" grouping="pvr-radio">DefaultTVShows.png</icon>
	<groupoverride group="powermenu" disable_groups="" condition="Window.IsActive(DialogButtonMenu.xml)">Close</groupoverride>
	<groupoverride group="*" disable_groups="powermenu" condition="">SetProperty(MenuItemActive,$VAR[HomeMenuType],home)</groupoverride>
	<groupoverride group="*" disable_groups="powermenu" condition="">SetProperty(MenuBackground,$VAR[HomeBackground],home)</groupoverride>
	<backgrounddefault labelID="weather">special://skin/extras/backgrounds/weather.jpg</backgrounddefault>
	<backgrounddefault labelID="pictures">special://skin/extras/backgrounds/pictures.jpg</backgrounddefault>
	<backgrounddefault labelID="games">special://skin/extras/backgrounds/games.jpg</backgrounddefault>
	<backgrounddefault labelID="radio">special://skin/extras/backgrounds/radio.jpg</backgrounddefault>
	<backgrounddefault labelID="livetv">special://skin/extras/backgrounds/livetv.jpg</backgrounddefault>
	<backgrounddefault labelID="video">special://skin/extras/backgrounds/video.jpg</backgrounddefault>
	<backgrounddefault labelID="movies">special://skin/extras/backgrounds/movies.jpg</backgrounddefault>
	<backgrounddefault labelID="tvshows">special://skin/extras/backgrounds/tvshows.jpg</backgrounddefault>
	<backgrounddefault labelID="musicvideos">special://skin/extras/backgrounds/musicvideos.jpg</backgrounddefault>
	<backgrounddefault labelID="music">special://skin/extras/backgrounds/music.jpg</backgrounddefault>
	<backgrounddefault labelID="addons">special://skin/extras/backgrounds/addons.jpg</backgrounddefault>
	<backgrounddefault labelID="dvd">special://skin/extras/backgrounds/dvd.jpg</backgrounddefault>
	<backgrounddefault labelID="settings">special://skin/extras/backgrounds/settings.jpg</backgrounddefault>
	<widget label="$LOCALIZE[89302]" icon="DefaultFolder.png" type="weathers" path="weatherdaily" target="list">DailyWeather</widget>
	<widget label="$LOCALIZE[89031]" icon="DefaultRecentlyAddedMovies.png" type="movies" path="videodb://recentlyaddedmovies/" target="videos">RecentMovies</widget>
	<widget label="$LOCALIZE[89033]" icon="DefaultRecentlyAddedEpisodes.png" type="episodes" path="videodb://recentlyaddedepisodes/" target="videos">RecentEpisodes</widget>
	<widget label="$LOCALIZE[89036]" icon="DefaultRecentlyAddedMusicVideos.png" type="musicvideos" path="videodb://recentlyaddedmusicvideos/" target="videos">RecentMusicVideo</widget>
	<widget label="$LOCALIZE[89025]" icon="DefaultMusicRecentlyAdded.png" type="albums" path="musicdb://recentlyaddedalbums/" target="music">RecentAlbums</widget>
	<widgetdefault labelID="weather">DailyWeather</widgetdefault>
	<widgetdefault labelID="movies">RecentMovies</widgetdefault>
	<widgetdefault labelID="tvshows">RecentEpisodes</widgetdefault>
	<widgetdefault labelID="musicvideos">RecentMusicVideo</widgetdefault>
	<widgetdefault labelID="music">RecentAlbums</widgetdefault>
	<contextmenu>
		<enableon>211</enableon>
		<item control="303">$ADDON[script.skinshortcuts 32002]</item>
		<item control="304">$ADDON[script.skinshortcuts 32003]</item>
		<item control="313" condition="String.IsEqual(Container(211).ListItem.Property(skinshortcuts-disabled),False)">$LOCALIZE[90060]</item>
		<item control="313" condition="String.IsEqual(Container(211).ListItem.Property(skinshortcuts-disabled),True)">$LOCALIZE[90061]</item>
		<item control="301">$ADDON[script.skinshortcuts 32000]</item>
		<item control="302">$ADDON[script.skinshortcuts 32001]</item>
		<item control="308">$ADDON[script.skinshortcuts 32028]</item>
	</contextmenu>
	<menus-groupings>
		<node label="8">
			<shortcut label="8" type="8" icon="DefaultFolder.png">ActivateWindow(Weather)</shortcut>
			<shortcut label="184" type="8" icon="DefaultFolder.png">Weather.Refresh</shortcut>
			<shortcut label="89900" type="8" icon="DefaultFolder.png">Weather.LocationPrevious</shortcut>
			<shortcut label="89901" type="8" icon="DefaultFolder.png">Weather.LocationNext</shortcut>
			<shortcut label="8" type="10004" icon="DefaultFolder.png">ActivateWindow(servicesettings,weather)</shortcut>
		</node>
		<node label="1">
			<shortcut label="1" type="1" icon="DefaultFolder.png">ActivateWindow(pictures)</shortcut>
			<shortcut label="1039" type="1" icon="DefaultAddonImages.png">ActivateWindow(pictures,addons://sources/image/,return)</shortcut>
			<shortcut label="1" type="10004" icon="DefaultFolder.png">ActivateWindow(playersettings,pictures)</shortcut>
			<content>picturesources</content>
		</node>
		<!-- LiveTV -->
		<node label="19020" condition="PVR.HasTVChannels">
			<shortcut label="19020" type="19020" icon="DefaultTVShows.png">ActivateWindow(tvchannels)</shortcut>
			<shortcut label="19019" type="19020" icon="DefaultTVShows.png">ActivateWindow(tvchannels)</shortcut>
			<shortcut label="19069" type="19020" icon="DefaultTVShows.png">ActivateWindow(tvguide)</shortcut>
			<shortcut label="19017" type="19020" icon="DefaultTVShows.png">ActivateWindow(tvrecordings)</shortcut>
			<shortcut label="19138" type="19020" icon="DefaultTVShows.png">ActivateWindow(tvtimerrules)</shortcut>
			<shortcut label="19040" type="19020" icon="DefaultTVShows.png">ActivateWindow(tvtimers)</shortcut>
			<shortcut label="137" type="19020" icon="DefaultTVShows.png">ActivateWindow(tvsearch)</shortcut>
			<shortcut label="32066" type="19020" icon="DefaultTVShows.png">PlayPvrTV</shortcut>
			<shortcut label="32068" type="19020" icon="DefaultTVShows.png">PlayPvr</shortcut>
			<shortcut label="19020" type="10004" icon="DefaultFolder.png">ActivateWindow(pvrsettings)</shortcut>
			<node label="19023">
				<content>pvr-tv</content>
			</node>
		</node>
		<!-- Radio -->
		<node label="19021" condition="PVR.HasRadioChannels">
			<shortcut label="19021" type="19021" icon="DefaultTVShows.png">ActivateWindow(radiochannels)</shortcut>
			<shortcut label="19019" type="19021" icon="DefaultTVShows.png">ActivateWindow(radiochannels)</shortcut>
			<shortcut label="19069" type="19021" icon="DefaultTVShows.png">ActivateWindow(radioguide)</shortcut>
			<shortcut label="19017" type="19021" icon="DefaultTVShows.png">ActivateWindow(radiorecordings)</shortcut>
			<shortcut label="19138" type="19021" icon="DefaultTVShows.png">ActivateWindow(radiotimerrules)</shortcut>
			<shortcut label="19040" type="19021" icon="DefaultTVShows.png">ActivateWindow(radiotimers)</shortcut>
			<shortcut label="137" type="19021" icon="DefaultTVShows.png">ActivateWindow(radiosearch)</shortcut>
			<shortcut label="32067" type="19021" icon="DefaultTVShows.png">PlayPvrRadio</shortcut>
			<shortcut label="32068" type="19020" icon="DefaultTVShows.png">PlayPvr</shortcut>
			<shortcut label="19020" type="10004" icon="DefaultFolder.png">ActivateWindow(pvrsettings)</shortcut>
			<node label="19024">
				<content>pvr-radio</content>
			</node>
		</node>
		<!-- Video -->
		<node label="3">
			<shortcut label="3" type="3" icon="DefaultFolder.png">ActivateWindow(videos,library://video/,return)</shortcut>
			<shortcut label="744" type="3" icon="DefaultFolder.png">ActivateWindow(videos,sources://video/,return)</shortcut>
			<shortcut label="136" type="3" icon="DefaultVideoPlaylists.png">ActivateWindow(videos,special://videoplaylists/,return)</shortcut>
			<shortcut label="1037" type="3" icon="DefaultAddonVideo.png">ActivateWindow(videos,addons://sources/video/,return)</shortcut>
			<shortcut label="589" type="3" icon="DefaultFolder.png">PlayerControl(PartyMode(video))</shortcut>
			<shortcut label="653" type="3" icon="DefaultFolder.png">UpdateLibrary(video)</shortcut>
			<shortcut label="32055" type="3" icon="DefaultFolder.png">CleanLibrary(video)</shortcut>
			<shortcut label="3" type="10004" icon="DefaultFolder.png">ActivateWindow(playersettings,videos)</shortcut>
			<node label="32040">
				<content>playlist-video</content>
			</node>
			<node label="32010">
				<shortcut label="1037" type="3" icon="DefaultAddonVideo.png">ActivateWindow(videos,addons://sources/video/,return)</shortcut>
				<content>addon-video</content>
			</node>
			<node label="32075">
				<content>videosources</content>
				<content>upnp-video</content>
			</node>
		</node>
		<!-- Movies -->
		<node label="342">
			<shortcut label="342" type="342" icon="DefaultMovies.png">ActivateWindow(videos,videodb://movies/titles/,return)</shortcut>
			<shortcut label="31328" type="342" icon="DefaultRecentlyAddedMovies.png">ActivateWindow(videos,videodb://recentlyaddedmovies/,return)</shortcut>
			<shortcut label="135" type="342" icon="DefaultFolder.png">ActivateWindow(videos,videodb://movies/genres/,return)</shortcut>
			<shortcut label="369" type="342" icon="DefaultFolder.png">ActivateWindow(videos,videodb://movies/titles/,return)</shortcut>
			<shortcut label="562" type="342" icon="DefaultFolder.png">ActivateWindow(videos,videodb://movies/years/,return)</shortcut>
			<shortcut label="344" type="342" icon="DefaultFolder.png">ActivateWindow(videos,videodb://movies/actors/,return)</shortcut>
			<shortcut label="20348" type="342" icon="DefaultFolder.png">ActivateWindow(videos,videodb://movies/directors/,return)</shortcut>
			<shortcut label="20388" type="342" icon="DefaultFolder.png">ActivateWindow(videos,videodb://movies/studios/,return)</shortcut>
			<shortcut label="20434" type="342" icon="DefaultFolder.png">ActivateWindow(videos,videodb://movies/sets/,return)</shortcut>
			<shortcut label="20451" type="342" icon="DefaultFolder.png">ActivateWindow(videos,videodb://movies/countries/,return)</shortcut>
			<shortcut label="20459" type="342" icon="DefaultFolder.png">ActivateWindow(videos,videodb://movies/tags/,return)</shortcut>
			<shortcut label="20314" type="342" icon="DefaultFolder.png">ActivateWindow(videos,videodb://movies/,return)</shortcut>
		</node>
		<!-- TVShows -->
		<node label="20343">
			<shortcut label="20343" type="20343" icon="DefaultTVShows.png">ActivateWindow(videos,videodb://movies/titles/,return)</shortcut>
			<shortcut label="31328" type="20343" icon="DefaultRecentlyAddedEpisodes.png">ActivateWindow(videos,videodb://recentlyaddedepisodes/,return)</shortcut>
			<shortcut label="626" type="20343" icon="DefaultInProgressShows.png">ActivateWindow(videos,library://video/inprogressshows.xml/,return)</shortcut>
			<shortcut label="135" type="20343" icon="DefaultFolder.png">ActivateWindow(videos,videodb://tvshows/genres/,return)</shortcut>
			<shortcut label="369" type="20343" icon="DefaultFolder.png">ActivateWindow(videos,videodb://tvshows/titles/,return)</shortcut>
			<shortcut label="562" type="20343" icon="DefaultFolder.png">ActivateWindow(videos,videodb://tvshows/years/,return)</shortcut>
			<shortcut label="344" type="20343" icon="DefaultFolder.png">ActivateWindow(videos,videodb://tvshows/actors/,return)</shortcut>
			<shortcut label="20388" type="20343" icon="DefaultFolder.png">ActivateWindow(videos,videodb://tvshows/studios/,return)</shortcut>
			<shortcut label="20459" type="20343" icon="DefaultFolder.png">ActivateWindow(videos,videodb://tvshows/tags/,return)</shortcut>
			<shortcut label="20314" type="20343" icon="DefaultFolder.png">ActivateWindow(videos,videodb://tvshows/,return)</shortcut>
		</node>
		<!-- MusicVideos -->
		<node label="20389">
			<shortcut label="20389" type="20389" icon="DefaultFolder.png">ActivateWindow(videos,videodb://musicvideos/,return)</shortcut>
			<shortcut label="31328" type="20389" icon="DefaultRecentlyAddedMusicVideos.png">ActivateWindow(videos,videodb://recentlyaddedmusicvideos/,return)</shortcut>
			<shortcut label="135" type="20389" icon="DefaultMusicGenres.png">ActivateWindow(videos,videodb://musicvideos/genres/,return)</shortcut>
			<shortcut label="369" type="20389" icon="DefaultFolder.png">ActivateWindow(videos,videodb://musicvideos/titles/,return)</shortcut>
			<shortcut label="562" type="20389" icon="DefaultMusicYears.png">ActivateWindow(videos,videodb://musicvideos/years/,return)</shortcut>
			<shortcut label="133" type="20389" icon="DefaultMusicArtists.png">ActivateWindow(videos,videodb://musicvideos/artists/,return)</shortcut>
			<shortcut label="132" type="20389" icon="DefaultMusicAlbums.png">ActivateWindow(videos,videodb://musicvideos/albums/,return)</shortcut>
			<shortcut label="20348" type="20389" icon="DefaultFolder.png">ActivateWindow(videos,videodb://musicvideos/directors/,return)</shortcut>
			<shortcut label="20388" type="20389" icon="DefaultFolder.png">ActivateWindow(videos,videodb://musicvideos/studios/,return)</shortcut>
			<shortcut label="20459" type="20389" icon="DefaultFolder.png">ActivateWindow(videos,videodb://musicvideos/tags/,return)</shortcut>
			<shortcut label="20314" type="20389" icon="DefaultFolder.png">ActivateWindow(videos,videodb://musicvideos/,return)</shortcut>
		</node>
		<!-- Music -->
		<node label="2">
			<shortcut label="2" type="2" icon="DefaultFolder.png">ActivateWindow(music,musicdb://,return)</shortcut>
			<shortcut label="359" type="2" icon="DefaultMusicRecentlyAdded.png">ActivateWindow(music,musicdb://recentlyaddedalbums/,return)</shortcut>
			<shortcut label="517" type="2" icon="DefaultMusicRecentlyPlayed.png">ActivateWindow(music,musicdb://recentlyplayedalbums/,return)</shortcut>
			<shortcut label="135" type="2" icon="DefaultMusicGenres.png">ActivateWindow(music,musicdb://genres/,return)</shortcut>
			<shortcut label="133" type="2" icon="DefaultMusicArtists.png">ActivateWindow(music,musicdb://artists/,return)</shortcut>
			<shortcut label="29994" type="2" icon="DefaultMusicRoles.png">ActivateWindow(music,library://music/musicroles/,return)</shortcut>
			<shortcut label="132" type="2" icon="DefaultMusicAlbums.png">ActivateWindow(music,musicdb://albums/,return)</shortcut>
			<shortcut label="134" type="2" icon="DefaultMusicSongs.png">ActivateWindow(music,musicdb://songs/,return)</shortcut>
			<shortcut label="271" type="2" icon="DefaultMusicTop100.png">ActivateWindow(music,musicdb://top100/,return)</shortcut>
			<shortcut label="10504" type="2" icon="DefaultMusicTop100.png">ActivateWindow(music,musicdb://top100/songs/,return)</shortcut>
			<shortcut label="10505" type="2" icon="DefaultMusicTop100.png">ActivateWindow(music,musicdb://top100/albums/,return)</shortcut>
			<shortcut label="562" type="2" icon="DefaultMusicYears.png">ActivateWindow(music,musicdb://years/,return)</shortcut>
			<shortcut label="1050" type="2" icon="DefaultFolder.png">ActivateWindow(music,musicdb://singles/,return)</shortcut>
			<shortcut label="10516" type="2" icon="DefaultFolder.png">ActivateWindow(music,musicdb://,return)</shortcut>
			<shortcut label="744" type="2" icon="DefaultFolder.png">ActivateWindow(music,sources://music/,return)</shortcut>
			<shortcut label="136" type="2" icon="DefaultMusicPlaylists.png">ActivateWindow(music,special://musicplaylists/,return)</shortcut>
			<shortcut label="1038" type="2" icon="DefaultAddonMusic.png">ActivateWindow(music,addons://sources/audio/,return)</shortcut>
			<shortcut label="589" type="2" icon="DefaultFolder.png">PlayerControl(PartyMode(music))</shortcut>
			<shortcut label="653" type="2" icon="DefaultFolder.png">UpdateLibrary(music)</shortcut>
			<shortcut label="32055" type="2" icon="DefaultFolder.png">CleanLibrary(music)</shortcut>
			<shortcut label="2" type="10004" icon="DefaultFolder.png">ActivateWindow(playersettings,music)</shortcut>
			<node label="32040">
				<content>playlist-audio</content>
			</node>
			<node label="32011">
				<shortcut label="1038" type="2" grouping="music" icon="DefaultAddonMusic.png">ActivateWindow(music,addons://sources/audio/,return)</shortcut>
				<content>addon-audio</content>
			</node>
			<node label="32075">
				<content>musicsources</content>
				<content>upnp-music</content>
			</node>
		</node>
		<!-- DVD -->
		<node label="446">
			<shortcut label="341" type="446" icon="DefaultFolder.png">PlayDVD</shortcut>
			<shortcut label="13391" type="446" icon="DefaultFolder.png">EjectTray()</shortcut>
			<shortcut label="600" type="446" icon="DefaultFolder.png">RipCD()</shortcut>
		</node>
		<!-- Game -->
		<node label="15016" condition="System.GetBool(gamesgeneral.enable)">
			<shortcut label="15016" type="15016" icon="DefaultAddonGame.png">ActivateWindow(games)</shortcut>
			<node label="35049">
				<shortcut label="35049" type="15016" icon="DefaultAddonGame.png">ActivateWindow(games,addons://sources/game/,return)</shortcut>
				<content>addon-game</content>
			</node>
		</node>
		<!-- Addons -->
		<node label="24001">
			<shortcut label="10040" type="10004" icon="DefaultAddon.png">ActivateWindow(addonbrowser)</shortcut>
			<shortcut label="24998" type="24001" icon="DefaultAddonsInstalled.png">ActivateWindow(addonbrowser,addons://user/,return)</shortcut>
			<shortcut label="24043" type="24001" icon="DefaultAddonsUpdates.png">ActivateWindow(addonbrowser,addons://outdated/,return)</shortcut>
			<shortcut label="24004" type="24001" icon="DefaultAddonsRecentlyUpdated.png">ActivateWindow(addonbrowser,addons://recently_updated/,return)</shortcut>
			<shortcut label="24033" type="24001" icon="DefaultAddonsRepo.png">ActivateWindow(addonbrowser,addons://repos/,return)</shortcut>
			<shortcut label="24041" type="24001" icon="DefaultAddonsZip.png">InstallFromZip</shortcut>
			<shortcut label="137" type="24001" icon="DefaultAddonsSearch.png">ActivateWindow(addonbrowser,addons://search/,return)</shortcut>
			<node label="1043">
				<shortcut label="10001" type="24001" icon="DefaultAddonProgram.png">ActivateWindow(programs,addons://sources/executable/,return)</shortcut>
				<shortcut label="20244" type="24001" icon="DefaultAddonProgram.png" condition="System.Platform.Android">ActivateWindow(programs,androidapp://sources/apps,return)</shortcut>
				<content>addon-program</content>
			</node>
			<node label="1037">
				<shortcut label="1037" type="3" icon="DefaultAddonVideo.png">ActivateWindow(videos,addons://sources/video/,return)</shortcut>
				<content>addon-video</content>
			</node>
			<node label="1038">
				<shortcut label="1038" type="2" icon="DefaultAddonMusic.png">ActivateWindow(music,addons://sources/audio/,return)</shortcut>
				<content>addon-audio</content>
			</node>
			<node label="1039">
				<shortcut label="1039" type="1" icon="DefaultAddonImages.png">ActivateWindow(pictures,addons://sources/image/,return)</shortcut>
				<content>addon-image</content>
			</node>
			<node label="35049" condition="System.GetBool(gamesgeneral.enable)">
				<shortcut label="35049" type="15016" icon="DefaultAddonGame.png">ActivateWindow(games,addons://sources/game/,return)</shortcut>
				<content>addon-game</content>
			</node>
		</node>
		<!-- Settings -->
		<node label="10004">
			<shortcut label="10004" type="10004" icon="DefaultFolder.png">ActivateWindow(settings)</shortcut>
			<shortcut label="7" type="10004" icon="DefaultFolder.png">ActivateWindow(filemanager)</shortcut>
			<shortcut label="10040" type="10004" icon="DefaultFolder.png">ActivateWindow(addonbrowser)</shortcut>
			<shortcut label="130" type="10004" icon="DefaultFolder.png">ActivateWindow(systeminfo)</shortcut>
			<shortcut label="14111" type="10004" icon="DefaultFolder.png">ActivateWindow(eventlog,events://,return)</shortcut>
			<shortcut label="166" type="10004" icon="DefaultFolder.png">ActivateWindow(skinsettings)</shortcut>
			<shortcut label="8" type="10004" icon="DefaultFolder.png">ActivateWindow(servicesettings,weather)</shortcut>
			<shortcut label="1" type="10004" icon="DefaultFolder.png">ActivateWindow(playersettings,pictures)</shortcut>
			<shortcut label="19020" type="10004" icon="DefaultFolder.png">ActivateWindow(pvrsettings)</shortcut>
			<shortcut label="3" type="10004" icon="DefaultFolder.png">ActivateWindow(playersettings,videos)</shortcut>
			<shortcut label="2" type="10004" icon="DefaultFolder.png">ActivateWindow(playersettings,music)</shortcut>
			<shortcut label="13000" type="10004" icon="DefaultFolder.png">ActivateWindow(systemsettings)</shortcut>
			<shortcut label="14036" type="10004" icon="DefaultFolder.png">ActivateWindow(servicesettings)</shortcut>
			<shortcut label="14206" type="10004" icon="DefaultFolder.png">ActivateWindow(interfacesettings)</shortcut>
			<shortcut label="20183" type="10004" icon="DefaultFolder.png">ReloadSkin()</shortcut>
			<shortcut label="360" type="10004" icon="DefaultFolder.png">ActivateScreensaver()</shortcut>
		</node>
		<!-- Profiles -->
		<node label="13200">
			<shortcut label="13200" type="13200" icon="DefaultFolder.png">ActivateWindow(profiles)</shortcut>
			<shortcut label="10029" type="13200" icon="DefaultFolder.png">ActivateWindow(loginscreen)</shortcut>
			<shortcut label="20126" type="13200" icon="DefaultFolder.png" condition="System.HasLoginScreen">System.LogOff()</shortcut>
			<shortcut label="20045" type="13200" icon="DefaultFolder.png">Mastermode()</shortcut>
		</node>
		<!-- Power -->
		<node label="13005">
			<shortcut label="89707" type="13005" icon="DefaultFolder.png">ActivateWindow(shutdownmenu)</shortcut>
			<shortcut label="13012" type="13005" icon="DefaultFolder.png" condition="System.ShowExitButton">Quit()</shortcut>
			<shortcut label="13005" type="13005" icon="DefaultFolder.png" condition="System.HasShutdown">Shutdown()</shortcut>
			<shortcut label="13016" type="13005" icon="DefaultFolder.png" condition="System.CanPowerDown">Powerdown()</shortcut>
			<shortcut label="13313" type="13005" icon="DefaultFolder.png" condition="!System.Platform.Linux.RaspberryPi + [ System.Platform.Windows | System.Platform.Linux.RaspberryPi ]">RestartApp()</shortcut>
			<shortcut label="13011" type="13005" icon="DefaultFolder.png" condition="System.CanSuspend">Suspend()</shortcut>
			<shortcut label="13010" type="13005" icon="DefaultFolder.png" condition="System.CanHibernate">Hibernate()</shortcut>
			<shortcut label="13013" type="13005" icon="DefaultFolder.png" condition="System.CanReboot">Reboot</shortcut>
			<shortcut label="19026" type="13005" icon="DefaultFolder.png">AlarmClock(shutdowntimer,Shutdown())</shortcut>
			<shortcut label="20151" type="13005" icon="DefaultFolder.png">CancelAlarm(shutdowntimer)</shortcut>
			<shortcut label="13014" type="13005" icon="DefaultFolder.png">Minimize()</shortcut>
		</node>
		<!-- Favourites -->
		<node label="1036">
			<shortcut label="1036" type="1036" icon="DefaultFolder.png">ActivateWindow(favourites)</shortcut>
			<node label="1036">
				<content>favourite</content>
			</node>
		</node>
	</menus-groupings>
	<!-- Addons Groupings -->
	<addons-groupings>
		<node label="1043">
			<content>addon-program</content>
		</node>
		<node label="1037">
			<content>addon-video</content>
		</node>
		<node label="1038">
			<content>addon-audio</content>
		</node>
		<node label="1039">
			<content>addon-image</content>
		</node>
		<node label="35049" condition="System.GetBool(gamesgeneral.enable)">
			<content>addon-game</content>
		</node>
	</addons-groupings>
	<!-- Widget Groupings -->
	<widgetRename>True</widgetRename>
	<widget-groupings>
		<!-- Pictures -->
		<node label="1">
			<shortcut label="20094" type="1" icon="DefaultFolder.png" widget="Library" widgetType="source" widgetTarget="pictures">sources://pictures</shortcut>
			<shortcut label="1039" type="1" icon="DefaultAddonPicture.png" widget="Library" widgetType="addon" widgetTarget="pictures">addons://sources/image</shortcut>
			<content>picturesources</content>
		</node>
		<!-- Weather -->
		<node label="8">
			<shortcut label="89302" type="8" icon="DefaultFolder.png" widget="DailyWeather" widgetType="weather" widgetTarget="list">weatherdaily</shortcut>
			<shortcut label="89303" type="8" icon="DefaultFolder.png" widget="HourlyWeather" widgetType="weather" widgetTarget="list">weatherhourly</shortcut>
			<shortcut label="33034" type="8" icon="DefaultFolder.png" widget="H36Weather" widgetType="weatherh36" widgetTarget="list" condition="Skin.HasSetting(LowerMenu)">weatherh36</shortcut>
		</node>
		<!-- LiveTV -->
		<node label="19020" condition="PVR.HasTVChannels">
			<shortcut label="90063" type="19020" icon="DefaultTVShows.png" widget="Library" widgetType="pvrchannel" widgetTarget="pvr">pvr://channels/tv/*?view=lastplayed</shortcut>
			<shortcut label="90062" type="19020" icon="DefaultTVShows.png" widget="Library" widgetType="pvrrecording" widgetTarget="pvr">pvr://recordings/tv/active?view=flat</shortcut>
			<shortcut label="88133" type="19020" icon="DefaultTVShows.png" widget="Custom" widgetType="custpvrchannel" widgetTarget="TV">HomeCustomChannelsItems</shortcut>
		</node>
		<!-- Radio -->
		<node label="19021" condition="PVR.HasRadioChannels">
			<shortcut label="90063" type="19021" icon="DefaultTVShows.png" widget="Library" widgetType="pvrchannel" widgetTarget="pvr">pvr://channels/radio/*?view=lastplayed</shortcut>
			<shortcut label="90062" type="19021" icon="DefaultTVShows.png" widget="Library" widgetType="pvrrecording" widgetTarget="pvr">pvr://recordings/radio/active?view=flat</shortcut>
			<shortcut label="88134" type="19021" icon="DefaultTVShows.png" widget="Custom" widgetType="custpvrchannel" widgetTarget="Radio">HomeCustomChannelsItems</shortcut>
		</node>
		<!-- Video -->
		<node label="3">
			<shortcut label="3" type="3" icon="DefaultFolder.png" widget="Library" widgetType="source" widgetTarget="videos">library://video/</shortcut>
			<shortcut label="20094" type="3" icon="DefaultFolder.png" widget="Library" widgetType="source" widgetTarget="videos">sources://video</shortcut>
			<shortcut label="136" type="3" icon="DefaultVideoPlaylists.png" widget="Library" widgetType="playlist" widgetTarget="videos">special://videoplaylists/</shortcut>
			<shortcut label="1037" type="3" icon="DefaultAddonVideo.png" widget="Library" widgetType="video" widgetTarget="videos">addons://sources/video/</shortcut>
			<node label="32040">
				<content>playlist-video</content>
			</node>
			<node label="32010">
				<content>addon-video</content>
			</node>
			<node label="32075">
				<content>videosources</content>
				<content>upnp-video</content>
			</node>
		</node>
		<!-- Movies -->
		<node label="342">
			<shortcut label="342" type="342" icon="DefaultMovies.png" widget="Library" widgetType="source" widgetTarget="videos">library://video/movies/</shortcut>
			<shortcut label="20386" type="342" icon="DefaultRecentlyAddedMovies.png" widget="Library" widgetType="movies" widgetTarget="videos">videodb://recentlyaddedmovies/</shortcut>
			<shortcut label="135" type="342" icon="DefaultFolder.png" widget="Library" widgetType="moviegenre" widgetTarget="videos">videodb://movies/genres/</shortcut>
			<shortcut label="562" type="342" icon="DefaultFolder.png" widget="Library" widgetType="source" widgetTarget="videos">videodb://movies/years/</shortcut>
			<shortcut label="344" type="342" icon="DefaultFolder.png" widget="Library" widgetType="movies" widgetTarget="videos">videodb://movies/actors/</shortcut>
			<shortcut label="20348" type="342" icon="DefaultFolder.png" widget="Library" widgetType="movies" widgetTarget="videos">videodb://movies/directors/</shortcut>
			<shortcut label="20388" type="342" icon="DefaultFolder.png" widget="Library" widgetType="studios" widgetTarget="videos">videodb://movies/studios/</shortcut>
			<shortcut label="20434" type="342" icon="DefaultFolder.png" widget="Library" widgetType="movies" widgetTarget="videos">videodb://movies/sets/</shortcut>
			<shortcut label="20451" type="342" icon="DefaultFolder.png" widget="Library" widgetType="country" widgetTarget="videos">videodb://movies/countries/</shortcut>
			<shortcut label="20459" type="342" icon="DefaultFolder.png" widget="Library" widgetType="source" widgetTarget="videos">videodb://movies/tags/</shortcut>
		</node>
		<!-- TVShows -->
		<node label="20343">
			<shortcut label="20343" type="20343" icon="DefaultTVShows.png" widget="Library" widgetType="source" widgetTarget="videos">library://video/tvshows/</shortcut>
			<shortcut label="20387" type="20343" icon="DefaultRecentlyAddedEpisodes.png" widget="Library" widgetType="episodes" widgetTarget="videos">videodb://recentlyaddedepisodes/</shortcut>
			<shortcut label="626" type="20343" icon="DefaultInProgressShows.png" widget="Library" widgetType="tvshows" widgetTarget="videos">videodb://inprogresstvshows</shortcut>
			<shortcut label="135" type="20343" icon="DefaultFolder.png" widget="Library" widgetType="moviegenre" widgetTarget="videos">videodb://tvshows/genres/</shortcut>
			<shortcut label="562" type="20343" icon="DefaultFolder.png" widget="Library" widgetType="source" widgetTarget="videos">videodb://tvshows/years/</shortcut>
			<shortcut label="344" type="20343" icon="DefaultFolder.png" widget="Library" widgetType="movies" widgetTarget="videos">videodb://tvshows/actors/</shortcut>
			<shortcut label="20388" type="20343" icon="DefaultFolder.png" widget="Library" widgetType="studios" widgetTarget="videos">videodb://tvshows/studios/</shortcut>
			<shortcut label="20459" type="20343" icon="DefaultFolder.png" widget="Library" widgetType="source" widgetTarget="videos">videodb://tvshows/tags/</shortcut>
		</node>
		<!-- MusicVideos -->
		<node label="20389">
			<shortcut label="20389" type="20389" icon="DefaultFolder.png" widget="Library" widgetType="source" widgetTarget="videos">library://video/musicvideos/</shortcut>
			<shortcut label="20390" type="20389" icon="DefaultRecentlyAddedMusicVideos.png" widget="Library" widgetType="musicvideos" widgetTarget="videos">videodb://recentlyaddedmusicvideos/</shortcut>
			<shortcut label="135" type="20389" icon="DefaultMusicGenres.png" widget="Library" widgetType="moviegenre" widgetTarget="videos">videodb://musicvideos/genres/</shortcut>
			<shortcut label="562" type="20389" icon="DefaultMusicYears.png" widget="Library" widgetType="source" widgetTarget="videos">videodb://musicvideos/years/</shortcut>
			<shortcut label="133" type="20389" icon="DefaultMusicArtists.png" widget="Library" widgetType="artists" widgetTarget="videos">videodb://musicvideos/artists/</shortcut>
			<shortcut label="132" type="20389" icon="DefaultMusicAlbums.png" widget="Library" widgetType="albums" widgetTarget="videos">videodb://musicvideos/albums/</shortcut>
			<shortcut label="20348" type="20389" icon="DefaultFolder.png" widget="Library" widgetType="movies" widgetTarget="videos">videodb://musicvideos/directors/</shortcut>
			<shortcut label="20388" type="20389" icon="DefaultFolder.png" widget="Library" widgetType="studios" widgetTarget="videos">videodb://musicvideos/studios/</shortcut>
			<shortcut label="20459" type="20389" icon="DefaultFolder.png" widget="Library" widgetType="source" widgetTarget="videos">videodb://musicvideos/tags/</shortcut>
		</node>
		<!-- Music -->
		<node label="2">
			<shortcut label="2" type="2" icon="DefaultFolder.png" widget="Library" widgetType="source" widgetTarget="music">musicdb://</shortcut>
			<shortcut label="20094" type="2" icon="DefaultFolder.png" widget="Library" widgetType="source" widgetTarget="music">sources://music/</shortcut>
			<shortcut label="359" type="2" icon="DefaultMusicRecentlyAdded.png" widget="Library" widgetType="albums" widgetTarget="music">musicdb://recentlyaddedalbums/</shortcut>
			<shortcut label="517" type="2" icon="DefaultMusicRecentlyPlayed.png" widget="Library" widgetType="albums" widgetTarget="music">musicdb://recentlyplayedalbums/</shortcut>
			<shortcut label="135" type="2" icon="DefaultMusicGenres.png" widget="Library" widgetType="musicgenre" widgetTarget="music">musicdb://genres/</shortcut>
			<shortcut label="133" type="2" icon="DefaultMusicArtists.png" widget="Library" widgetType="artists" widgetTarget="music">musicdb://artists/</shortcut>
			<shortcut label="29994" type="2" icon="DefaultMusicRoles.png" widget="Library" widgetType="source" widgetTarget="music">library://music/musicroles/</shortcut>
			<shortcut label="132" type="2" icon="DefaultMusicAlbums.png" widget="Library" widgetType="albums" widgetTarget="music">musicdb://albums/</shortcut>
			<shortcut label="134" type="2" icon="DefaultMusicSongs.png" widget="Library" widgetType="songs" widgetTarget="music">musicdb://songs/</shortcut>
			<shortcut label="271" type="2" icon="DefaultMusicTop100.png" widget="Library" widgetType="source" widgetTarget="music">musicdb://top100/</shortcut>
			<shortcut label="10504" type="2" icon="DefaultMusicTop100.png" widget="Library" widgetType="songs" widgetTarget="music">musicdb://top100/songs/</shortcut>
			<shortcut label="10505" type="2" icon="DefaultMusicTop100.png" widget="Library" widgetType="albums" widgetTarget="music">musicdb://top100/albums/</shortcut>
			<shortcut label="562" type="2" icon="DefaultMusicYears.png" widget="Library" widgetType="source" widgetTarget="music">musicdb://years/</shortcut>
			<shortcut label="1050" type="2" icon="DefaultFolder.png" widget="Library" widgetType="songs" widgetTarget="music">musicdb://singles/</shortcut>
			<shortcut label="136" type="2" icon="DefaultMusicPlaylists.png" widget="Library" widgetType="playlist" widgetTarget="music">special://musicplaylists/</shortcut>
			<shortcut label="1038" type="2" icon="DefaultAddonMusic.png" widget="Library" widgetType="music" widgetTarget="music">addons://sources/audio</shortcut>
			<node label="32040">
				<content>playlist-audio</content>
			</node>
			<node label="32011">
				<content>addon-audio</content>
			</node>
			<node label="32075">
				<content>musicsources</content>
				<content>upnp-music</content>
			</node>
		</node>
		<!-- Game -->
		<node label="15016" condition="System.GetBool(gamesgeneral.enable) + String.IsEmpty(Window(home).Property(WidgetVisibility))">
			<shortcut label="35049" type="15016" icon="DefaultAddonGame.png" widget="Library" widgetType="addon" widgetTarget="games">addons://sources/game/</shortcut>
		</node>
		<!-- Addons -->
		<node label="24001">
			<shortcut label="1037" type="24001" icon="DefaultAddonVideo.png" widget="Library" widgetType="addon" widgetTarget="videos">addons://sources/video</shortcut>
			<shortcut label="1038" type="24001" icon="DefaultAddonMusic.png" widget="Library" widgetType="addon" widgetTarget="music">addons://sources/audio</shortcut>
			<shortcut label="35049" type="15016" icon="DefaultAddonGame.png" widget="Library" widgetType="addon" widgetTarget="games" condition="System.GetBool(gamesgeneral.enable)">addons://sources/game/</shortcut>
			<shortcut label="1043" type="24001" icon="DefaultAddonProgram.png" widget="Library" widgetType="addon" widgetTarget="programs">addons://sources/executable</shortcut>
			<shortcut label="20244" type="24001" icon="DefaultAddonProgram.png" widget="Library" widgetType="addon" widgetTarget="programs" condition="System.Platform.Android">androidapp://sources/apps</shortcut>
			<shortcut label="1039" type="24001" icon="DefaultAddonPicture.png" widget="Library" widgetType="addon" widgetTarget="pictures">addons://sources/image</shortcut>
			<node label="1037">
				<content>addon-video</content>
			</node>
			<node label="1038">
				<content>addon-audio</content>
			</node>
			<node label="1039">
				<content>addon-image</content>
			</node>
			<node label="35049" condition="System.GetBool(gamesgeneral.enable)">
				<content>addon-game</content>
			</node>
		</node>
		<!-- Favourites -->
		<node label="1036">
			<shortcut label="1036" type="1036" icon="DefaultFolder.png" widget="Library" widgetType="favourites" widgetTarget="">favourites://</shortcut>
		</node>
	</widget-groupings>
</overrides>
