<?xml version="1.0" encoding="UTF-8" standalone="yes"?>
<addon id="plugin.video.RuTor"
       name="RuTor"
       version="4.1.2"
       provider-name="TDW">
  <requires>
    <import addon="plugin.video.tam"/>
  </requires>
  <extension point="xbmc.python.pluginsource" library="default.py">
        <provides>video</provides>
  </extension>
  <extension point="xbmc.service" library="server.py" start="[login|startup]"/>
  <extension point="xbmc.addon.metadata">
    <summary>RuTor</summary>
    <description>RuTor - популярный торрент трекер.</description>
    <platform>all</platform>
    <assets>
        <icon>icon.png</icon>
    </assets>
  </extension>
</addon>
