<?xml version="1.0" encoding="UTF-8" standalone="yes"?>
<addon id="plugin.video.krasfs.ru"
       name="krasfs.ru"
       version="1.1.0"
       provider-name="TDW">
  <requires>
    <import addon="xbmc.python" version="1.0"/>
    <import addon="script.module.torrent.ts"/>
  </requires>
  <extension point="xbmc.python.pluginsource"
            library="default.py">
        <provides>video</provides>
  </extension>
  <extension point="xbmc.addon.metadata">
    <summary>krasfs.ru</summary>
    <description>krasfs.ru for TorrentStreem</description>
    <platform>all</platform>
  </extension>
</addon>
