<?xml version="1.0" encoding="UTF-8" standalone="yes"?>
<addon id="plugin.program.LostFilm"
       name="LostFilm"
       version="0.0.4"
       provider-name="TDW">
  <requires>
    <import addon="xbmc.python" version="2.1.0"/>
    <import addon="script.module.torrent.ts"/>
  </requires>
  <extension point="xbmc.python.script"
            library="default.py">
        <provides>executable</provides>
  </extension>
  <extension point="xbmc.addon.metadata">
    <summary>LF laucher</summary>
    <description>LostFilm laucher</description>
    <platform>all</platform>
  </extension>
</addon>
