<?xml version="1.0" encoding="UTF-8" standalone="yes"?>
<addon id="script.module.requests"
       name="requests"
       version="2.9.1"
       provider-name="kennethreitz, beenje">
  <requires>
    <import addon="xbmc.python" version="2.1.0"/>
  </requires>
  <extension point="xbmc.python.module"
             library="lib" />
  <extension point="xbmc.addon.metadata">
    <summary>Python HTTP for Humans</summary>
    <description>Packed for KODI from https://github.com/kennethreitz/requests</description>
    <platform>all</platform>
    <language></language>
    <license>Apache2</license>
    <forum></forum>
    <website>http://python-requests.org</website>
    <source>https://github.com/beenje/script.module.requests</source>
    <email>beenje AT gmail.com</email>
  </extension>
</addon>
