<?xml version="1.0" encoding="UTF-8" standalone="yes"?>
<addon id="plugin.video.RuTor"
       name="RuTor"
       version="3.1.3"
       provider-name="TDW">
  <requires>
    <import addon="xbmc.python" version="2.1.0"/>
    <import addon="script.module.torrent.ts"/>
  </requires>
  <extension point="xbmc.python.pluginsource"
            library="default.py">
        <provides>video</provides>
  </extension>
  <extension point="xbmc.addon.metadata">
    <summary>RuTor</summary>
    <description>RuTor for AceStreem</description>
    <platform>all</platform>
  </extension>
</addon>
