<?xml version="1.0" encoding="UTF-8" standalone="yes"?>
<addon id="plugin.video.pazl.tv"
       name="Пазл ТВ"
       version="1.3.0"
       provider-name="TDW">
  <requires>
    <import addon="xbmc.python" version="2.1.0"/>
  </requires>
  <extension point="xbmc.python.pluginsource"
            library="default.py">
        <provides>video</provides>
  </extension>
  <extension point="xbmc.service" library="server.py" start="[login|startup]"/>
  <extension point="xbmc.addon.metadata">
    <summary>Пазл ТВ (Телевидение)</summary>
    <description>Телевизионный агрегатор объединяющий в себе телеканалы нескольких сайтов (~500 каналов). Позволяет сортировать каналы по группам. Объединять одинаковые каналы. Поддерживает телепрограмму и переключение каналов в плеере. Очень гибко настраивается под пользователя.</description>
    <platform>all</platform>
  </extension>
</addon>
