<?xml version="1.0" encoding="UTF-8"?>
<window>
	<allowoverlay>no</allowoverlay>
	<defaultcontrol always="false">980</defaultcontrol>
	<controls>
		<control type="group" id="990">
			<!--visible>!IsEmpty(Player.Time)</visible-->
			
			<control type="videowindow" id="2301">
				<description>video control</description>
				<posx>-1000</posx>
				<posy>0</posy>
				<width>3280</width>
				<height>720</height>
			</control>
			
			<control type="button" id="1">
				<posx>0</posx>
				<posy>0</posy>
				<width>1280</width>
				<height>720</height>
				<texturefocus></texturefocus>
				<texturenofocus></texturenofocus>
				<label></label>
				<onup>1</onup>
				<ondown>1</ondown>
				<onleft>1</onleft>
				<onright>1</onright>
			</control>
			
			<control type="group" id="100">
				<posx>0</posx>
				<posy>560</posy>
				<visible>!String.IsEmpty(Window.Property(info_visible))+!IsEmpty(Window.Property(info_visible))</visible>
				
				<control type="image">
					<description>panel image</description>
					<posx>-20</posx>
					<posy>50</posy>
					<width>1320</width>
					<height>220</height>
					<texture border="12">rcb-ContentPanel3.png</texture>
				</control>
				<control type="image">
					<animation delay="200" effect="fade" start="0" end="100">Visible</animation>
					<description>bigpicon</description>
					<posx>10</posx>
					<posy>10</posy>
					<width>200</width>
					<height>140</height>
					<texture border="2">rcb-DialogBack.png</texture>
				</control>
				<control type="image">
					<animation delay="200" effect="fade" start="0" end="100">Visible</animation>
					<description>bigpicon</description>
					<posx>15</posx>
					<posy>15</posy>
					<width>190</width>
					<height>130</height>
					<aspectratio>keep</aspectratio>
					<texture>$INFO[Window.Property(picon)]</texture>
				</control>
				<control type="image" id="2">
					<animation delay="200" effect="fade" start="0" end="100">Visible</animation>
					<description>bigimg</description>
					<posx>10</posx>
					<posy>10</posy>
					<width>200</width>
					<height>140</height>
					<texture>$INFO[Window.Property(EPG0_img)]</texture>
					<bordertexture border="2">rcb-button-focus.png</bordertexture>
					<bordersize>2</bordersize>
				</control>
				<control type="label">
					<posx>220</posx>
					<posy>90</posy>
					<width>1000</width>
					<height>35</height>
					<font>font24_title</font>
					<textcolor>FFFFFFFF</textcolor>
					<selectedcolor>selected</selectedcolor>
					<align>left</align>
					<aligny>center</aligny>
					<label>$INFO[Window.Property(EPG0_title)]</label>
				</control>
				<control type="label">
					<posx>220</posx>
					<posy>120</posy>
					<width>1000</width>
					<height>35</height>
					<font>font14_title</font>
					<textcolor>FFFFFFFF</textcolor>
					<selectedcolor>selected</selectedcolor>
					<align>left</align>
					<aligny>center</aligny>
					<label>$INFO[Window.Property(EPG0_plot)]</label>
				</control>
				<control type="group">
					<description>Progressbar</description>
					<left>275</left>
					<top>65</top>
					<width>500</width>
					<height>22</height>
					<visible>!IsEmpty(Window.Property(EPG0_time))+!String.IsEmpty(Window.Property(EPG0_time))</visible>

					<control type="image">
						<texture border="12,3,12,3">rcb-ScrollBarH_bar.png</texture>
					</control>
					<control type="image" id="5">
						<width>25</width>
						<texture border="12,3,12,3" colordiffuse="BBFFFFFF">rcb-ScrollBarH_bar_focus2.png</texture>
					</control>
				</control>
				
				<control type="label">
					<description>EPG0_time</description>
					<posx>210</posx>
					<posy>62</posy>
					<width>70</width>
					<height>30</height>
					<label>$INFO[Window.Property(EPG0_time)]</label>
					<align>center</align>
					<aligny>center</aligny>
					<font>font13_title</font>
					<textcolor>FF0084ff</textcolor>
				</control>
				<control type="label">
					<description>EPG1_time</description>
					<posx>780</posx>
					<posy>62</posy>
					<width>70</width>
					<height>30</height>
					<label>$INFO[Window.Property(EPG1_time)]</label>
					<align>center</align>
					<aligny>center</aligny>
					<font>font13_title</font>
					<textcolor>FF0084ff</textcolor>
				</control>
				
				<control type="button" id="6">
					<animation effect="slide" start="0,-560" end="1870,-560" time="0" tween="quadratic" easing="out" condition="!ControlGroup(100).HasFocus">Conditional</animation>
					<posx>0</posx>
					<posy>0</posy>
					<width>1350</width>
					<height>720</height>
					<texturefocus></texturefocus>
					<texturenofocus></texturenofocus>
					<label></label>
					<onup>1</onup>
					<ondown>1</ondown>
					<onleft>1</onleft>
					<onright>1</onright>
					<visible>ControlGroup(100).HasFocus</visible>
				</control>
				
				<control type="button" id="7">
					<posx>1030</posx>
					<posy>60</posy>
					<width>40</width>
					<height>40</height>
					<texturefocus>Arhiv_F.png</texturefocus>
					<texturenofocus>Arhiv_NF.png</texturenofocus>
					<label></label>
					<onup>1</onup>
					<ondown>1</ondown>
					<onleft>8</onleft>
					<onright>9</onright>
					<visible>ControlGroup(100).HasFocus</visible>
				</control>
				
				<control type="button" id="8">
					<posx>990</posx>
					<posy>60</posy>
					<width>40</width>
					<height>40</height>
					<texturefocus>List_F.png</texturefocus>
					<texturenofocus>List_NF.png</texturenofocus>
					<label></label>
					<onup>1</onup>
					<ondown>1</ondown>
					<onleft>11</onleft>
					<onright>7</onright>
					<visible>ControlGroup(100).HasFocus</visible>
				</control>
				
				<control type="button" id="11">
					<posx>950</posx>
					<posy>60</posy>
					<width>40</width>
					<height>40</height>
					<texturefocus>Stop_F.png</texturefocus>
					<texturenofocus>Stop_NF.png</texturenofocus>
					<label></label>
					<onup>1</onup>
					<ondown>1</ondown>
					<onleft>10</onleft>
					<onright>8</onright>
					<visible>ControlGroup(100).HasFocus</visible>
				</control>
				
				<control type="button" id="10">
					<posx>910</posx>
					<posy>60</posy>
					<width>40</width>
					<height>40</height>
					<texturefocus>Next_F.png</texturefocus>
					<texturenofocus>Next_NF.png</texturenofocus>
					<label></label>
					<onup>1</onup>
					<ondown>1</ondown>
					<onleft>9</onleft>
					<onright>11</onright>
					<visible>ControlGroup(100).HasFocus</visible>
				</control>
				
				<control type="button" id="9">
					<!--animation effect="slide" start="870,60" end="1870,60" time="0" tween="quadratic" easing="out" condition="!ControlGroup(100).HasFocus">Conditional</animation-->
					<posx>870</posx>
					<posy>60</posy>
					<width>40</width>
					<height>40</height>
					<texturefocus>Prev_F.png</texturefocus>
					<texturenofocus>Prev_NF.png</texturenofocus>
					<label></label>
					<onup>1</onup>
					<ondown>1</ondown>
					<onleft>7</onleft>
					<onright>10</onright>
				</control>
				
				
				
				
				
			</control>
			
			<control type="group" id="200">
				<posx>0</posx>
				<posy>0</posy>
				<visible>!IsEmpty(Window.Property(info_visible))+!String.IsEmpty(Window.Property(info_visible))</visible>
				
				<control type="image">
					<description>panel image</description>
					<posx>-20</posx>
					<posy>-30</posy>
					<width>1320</width>
					<height>100</height>
					<texture border="12" colordiffuse="BBFFFFFF">rcb-ContentPanel3.png</texture>
				</control>
				
				<control type="image" id="3">
					<animation delay="200" effect="fade" start="0" end="100">Visible</animation>
					<description>bigimg</description>
					<posx>10</posx>
					<posy>8</posy>
					<width>50</width>
					<height>50</height>
					<texture>$INFO[Window.Property(picon)]</texture>
					<bordertexture border="2">rcb-button-focus.png</bordertexture>
					<bordersize>1</bordersize>
				</control>
				
				<control type="label">
					<posx>80r</posx>
					<posy>10</posy>
					<width>300</width>
					<height>35</height>
					<font>font24_title</font>
					<textcolor>FFFFFFFF</textcolor>
					<selectedcolor>selected</selectedcolor>
					<align>left</align>
					<aligny>center</aligny>
					<label>$INFO[System.Time]</label>
				</control>
				
				<control type="label" id="210">
					<posx>80</posx>
					<posy>10</posy>
					<width>500</width>
					<height>35</height>
					<font>font24_title</font>
					<textcolor>FFFFFFFF</textcolor>
					<selectedcolor>selected</selectedcolor>
					<align>left</align>
					<aligny>center</aligny>
					<label>$INFO[Window.Property(title)]</label>
				</control>
				
				<control type="label" id="220">
					<posx>440</posx>
					<posy>10</posy>
					<width>400</width>
					<height>35</height>
					<font>font20_title</font>
					<textcolor>AAFFFFFF</textcolor>
					<selectedcolor>selected</selectedcolor>
					<align>center</align>
					<aligny>center</aligny>
					<label>$INFO[Player.Title]</label>
				</control>
				
			</control>
		</control>
	</controls>
</window>
