<?xml version="1.0" encoding="UTF-8" standalone="yes"?>
<addon id="plugin.video.viks.tv"
       name="Viks.tv"
       version="3.0.0"
       provider-name="TDW">
  <requires>
    <import addon="xbmc.python" version="2.1.0"/>
  </requires>
  <extension point="xbmc.python.pluginsource"
            library="default.py">
        <provides>video</provides>
  </extension>
  <extension point="xbmc.addon.metadata">
    <summary>Viks.tv</summary>
    <description>Телевидение</description>
    <platform>all</platform>
  </extension>
</addon>
