﻿<?xml version="1.0" encoding="UTF-8" standalone="yes"?>
<addon id="plugin.video.pazl3.tv"
       name="Пазл ТВ 3.0"
       version="4.4.2"
       provider-name="TDW">
  <extension point="xbmc.python.script"
            library="main.py">
        <provides>video</provides>
  </extension>
  <extension point="xbmc.addon.metadata">
    <summary>Клиент для Пазл ТВ 3</summary>
    <description>
Внимание: Для работы требуется ПАЗЛ Сервер 3
Клиентская часть телевизионного агрегатора телеканалов. Позволяет сортировать каналы по группам. Объединять одинаковые каналы. Поддерживает телепрограмму и переключение каналов в плеере.</description>
    <platform>all</platform>
    <assets>
        <icon>icon.png</icon>
    </assets>
  </extension>
</addon>
