<?xml version="1.0" encoding="UTF-8" standalone="yes"?>
<addon id="plugin.video.btdigg.org"
       name="BTDigg.org"
       version="1.1.1"
       provider-name="TDW">
  <requires>
    <import addon="xbmc.python" version="2.1.0"/>
    <import addon="plugin.video.yatp"/>
  </requires>
  <extension point="xbmc.python.pluginsource"
            library="default.py">
        <provides>video</provides>
  </extension>
  <extension point="xbmc.addon.metadata">
    <summary>btdigg.org</summary>
    <description>btdigg.org for YATP</description>
    <platform>all</platform>
  </extension>
</addon>
