<?xml version="1.0" encoding="UTF-8"?>
<window>
	<allowoverlay>no</allowoverlay>
	<defaultcontrol always="false">950</defaultcontrol>
	<controls>
		<control type="group" id="960">
			<control type="group" id="200">
				<posx>0</posx>
				<posy>0</posy>
				
				<control type="image">
					<description>bg image</description>
					<texture>PTV-bg.jpg</texture>
				</control>

				<control type="image">
					<description>panel image</description>
					<posx>20</posx>
					<posy>20</posy>
					<width>1240</width>
					<height>680</height>
					<texture border="12">rcb-ContentPanel3.png</texture>
				</control>
				<control type="label">
					<posx>10</posx>
					<posy>30</posy>
					<width>385</width>
					<height>35</height>
					<font>font16</font>
					<textcolor>FFFFFFFF</textcolor>
					<align>center</align>
					<aligny>center</aligny>
					<label>ГРУППЫ:</label>
				</control>

				<control type="list" id="500">
					<posx>10</posx>
					<posy>70</posy>
					<width>385</width>
					<height>560</height>
					<onleft>700</onleft>
					<onright>600</onright>
					<onup>500</onup>
					<ondown>500</ondown>
					<pagecontrol>610</pagecontrol>
					<viewtype label="Info 1">list</viewtype>
					<scrolltime>100</scrolltime>
					<itemlayout height="35" width="585">
						<control type="image">
							<posx>40</posx>
							<posy>0</posy>
							<width>330</width>
							<height>35</height>
							<texture border="0,2,0,2">rcb-MenuItemNF.png</texture>
						</control>
						<control type="label">
							<posx>55</posx>
							<posy>0</posy>
							<width>350</width>
							<height>35</height>
							<font>font14</font>
							<textcolor>FFb4b4b4</textcolor>
							<selectedcolor>selected</selectedcolor>
							<align>left</align>
							<aligny>center</aligny>
							<label>$INFO[ListItem.Label]</label>
						</control>
						<control type="label">
							<posx>55</posx>
							<posy>0</posy>
							<width>350</width>
							<height>35</height>
							<font>font14</font>
							<textcolor>FFFF9933</textcolor>
							<selectedcolor>selected</selectedcolor>
							<align>left</align>
							<aligny>center</aligny>
							<label>$INFO[ListItem.Label2]</label>
						</control>
					</itemlayout>
					<focusedlayout height="35" width="585">
						<control type="image">
							<posx>40</posx>
							<posy>0</posy>
							<width>330</width>
							<height>35</height>
							<texture border="0,2,0,2">rcb-MenuItemNF.png</texture>
						</control>
						<control type="image">
							<posx>40</posx>
							<posy>0</posy>
							<width>330</width>
							<height>35</height>
							<texture border="0,2,0,2">rcb-MenuItemFO.png</texture>
							<visible>Control.HasFocus(500)</visible>
						</control>
						<control type="label">
							<posx>55</posx>
							<posy>0</posy>
							<width>360</width>
							<height>35</height>
							<font>font14</font>
							<textcolor>white</textcolor>
							<selectedcolor>selected</selectedcolor>
							<align>left</align>
							<aligny>center</aligny>
							<label>$INFO[ListItem.Label]</label>
						</control>
						<control type="label">
							<posx>55</posx>
							<posy>0</posy>
							<width>350</width>
							<height>35</height>
							<font>font14</font>
							<textcolor>FFFF9933</textcolor>
							<selectedcolor>selected</selectedcolor>
							<align>left</align>
							<aligny>center</aligny>
							<label>$INFO[ListItem.Label2]</label>
						</control>
					</focusedlayout>
				</control>
				
				<control type="label">
					<posx>400</posx>
					<posy>30</posy>
					<width>385</width>
					<height>35</height>
					<font>font16</font>
					<textcolor>FFFFFFFF</textcolor>
					<align>center</align>
					<aligny>center</aligny>
					<label>ВСЕ КАНАЛЫ:</label>
				</control>
				<control type="list" id="600">
					<posx>400</posx>
					<posy>70</posy>
					<width>385</width>
					<height>560</height>
					<onleft>500</onleft>
					<onright>700</onright>
					<onup>600</onup>
					<ondown>600</ondown>
					<pagecontrol>610</pagecontrol>
					<viewtype label="Info 1">list</viewtype>
					<scrolltime>100</scrolltime>
					<itemlayout height="35" width="585">
						<control type="image">
							<posx>40</posx>
							<posy>0</posy>
							<width>330</width>
							<height>35</height>
							<texture border="0,2,0,2">rcb-MenuItemNF.png</texture>
						</control>
						<control type="label">
							<posx>55</posx>
							<posy>0</posy>
							<width>350</width>
							<height>35</height>
							<font>font14</font>
							<textcolor>FFb4b4b4</textcolor>
							<selectedcolor>selected</selectedcolor>
							<align>left</align>
							<aligny>center</aligny>
							<label>$INFO[ListItem.Label]</label>
						</control>
						<control type="label">
							<posx>55</posx>
							<posy>0</posy>
							<width>350</width>
							<height>35</height>
							<font>font14</font>
							<textcolor>FFFF9933</textcolor>
							<selectedcolor>selected</selectedcolor>
							<align>left</align>
							<aligny>center</aligny>
							<label>$INFO[ListItem.Label2]</label>
						</control>
					</itemlayout>
					<focusedlayout height="35" width="585">
						<control type="image">
							<posx>40</posx>
							<posy>0</posy>
							<width>330</width>
							<height>35</height>
							<texture border="0,2,0,2">rcb-MenuItemNF.png</texture>
						</control>
						<control type="image">
							<posx>40</posx>
							<posy>0</posy>
							<width>330</width>
							<height>35</height>
							<texture border="0,2,0,2">rcb-MenuItemFO.png</texture>
							<visible>Control.HasFocus(600)</visible>
						</control>
						<control type="label">
							<posx>55</posx>
							<posy>0</posy>
							<width>360</width>
							<height>35</height>
							<font>font14</font>
							<textcolor>white</textcolor>
							<selectedcolor>selected</selectedcolor>
							<align>left</align>
							<aligny>center</aligny>
							<label>$INFO[ListItem.Label]</label>
						</control>
						<control type="label">
							<posx>55</posx>
							<posy>0</posy>
							<width>350</width>
							<height>35</height>
							<font>font14</font>
							<textcolor>FFFF9933</textcolor>
							<selectedcolor>selected</selectedcolor>
							<align>left</align>
							<aligny>center</aligny>
							<label>$INFO[ListItem.Label2]</label>
						</control>
					</focusedlayout>
				</control>
				
				<control type="label">
					<posx>800</posx>
					<posy>30</posy>
					<width>385</width>
					<height>35</height>
					<font>font16</font>
					<textcolor>FFFFFFFF</textcolor>
					<align>center</align>
					<aligny>center</aligny>
					<label>КАНАЛЫ В ГРУППЕ:</label>
				</control>
				<control type="list" id="700">
					<posx>800</posx>
					<posy>70</posy>
					<width>385</width>
					<height>560</height>
					<onleft>600</onleft>
					<onright>500</onright>
					<onup>700</onup>
					<ondown>700</ondown>
					<pagecontrol>610</pagecontrol>
					<viewtype label="Info 1">list</viewtype>
					<scrolltime>100</scrolltime>
					<itemlayout height="35" width="585">
						<control type="image">
							<posx>40</posx>
							<posy>0</posy>
							<width>330</width>
							<height>35</height>
							<texture border="0,2,0,2">rcb-MenuItemNF.png</texture>
						</control>
						<control type="label">
							<posx>55</posx>
							<posy>0</posy>
							<width>350</width>
							<height>35</height>
							<font>font14</font>
							<textcolor>FFb4b4b4</textcolor>
							<selectedcolor>selected</selectedcolor>
							<align>left</align>
							<aligny>center</aligny>
							<label>$INFO[ListItem.Label]</label>
						</control>
					</itemlayout>
					<focusedlayout height="35" width="585">
						<control type="image">
							<posx>40</posx>
							<posy>0</posy>
							<width>330</width>
							<height>35</height>
							<texture border="0,2,0,2">rcb-MenuItemNF.png</texture>
						</control>
						<control type="image">
							<posx>40</posx>
							<posy>0</posy>
							<width>330</width>
							<height>35</height>
							<texture border="0,2,0,2">rcb-MenuItemFO.png</texture>
							<visible>Control.HasFocus(700)</visible>
						</control>
						<control type="label">
							<posx>55</posx>
							<posy>0</posy>
							<width>360</width>
							<height>35</height>
							<font>font14</font>
							<textcolor>white</textcolor>
							<selectedcolor>selected</selectedcolor>
							<align>left</align>
							<aligny>center</aligny>
							<label>$INFO[ListItem.Label]</label>
						</control>
					</focusedlayout>
				</control>
				
			</control>
		</control>
	</controls>
</window>
