<?xml version="1.0" encoding="UTF-8" standalone="yes"?>
<addon id="ptv3"
       name="Пазл Сервер 3.0"
       version="3.13.5"
       provider-name="TDW">
  <requires>
    <import addon="xbmc.python" version="2.1.0"/>
  </requires>
  <extension point="xbmc.service" library="server.py" start="[login|startup]"/>
  <extension point="xbmc.addon.metadata">
    <summary>Пазл Сервер 3</summary>
    <description>ТВ Сервер http://127.0.0.1:8185</description>
    <platform>all</platform>
  </extension>
</addon>
