[
{"name":"filmix - 720p","url":"https://api.manhan.one/late/filmix","balanser":"filmix"},
{"name":"Dyna - 101","url":"http://89.110.72.185/lite/filmix","balanser":"filmixtv"},
{"name":"Zetflix - 1080p","url":"http://212.34.154.180:9441/lite/zetflix","balanser":"zetflix"},
{"name":"Lumex - 1080p","url":"http://77.238.239.103:12133/lite/lumex","balanser":"lumex"},
{"name":"Vibix - 1080p","url":"https://api.manhan.one/late/vibix","balanser":"vibix"},
{"name":"PMA - 4K","url":"https://api.manhan.one/late/pma","balanser":"pma"},
{"name":"FanCDN - 1080p","url":"https://api.manhan.one/late/fancdn","balanser":"fancdn"},
{"name":"MegaTV - 2160p","url":"https://api.manhan.one/late/megatv","balanser":"megatv"},
{"name":"VideoHUB - 1080p","url":"https://api.manhan.one/late/videohub","balanser":"videohub"},
{"name":"Ashdi (UKR) - 4K","url":"https://api.manhan.one/late/ashdi","balanser":"ashdi"},
{"name":"Kino (UKR) - 1080p","url":"https://bwa-cloud.apn.monster/lite/kinoukr","balanser":"kinoukr"},
{"name":"Alloha","url":"https://api.manhan.one/late/alloha","balanser":"alloha"},
{"name":"Collaps","url":"http://195.200.29.136:9118/lite/collaps","balanser":"collaps"},
{"name":"RHS - 1080p","url":"https://api.manhan.one/late/redheadsound","balanser":"redheadsound"},
{"name":"HDVB - 1080p","url":"https://api.manhan.one/late/hdvb","balanser":"hdvb"},
{"name":"Kinotochka - 720p","url":"https://api.manhan.one/late/kinotochka","balanser":"kinotochka"}
]

[
{"name":"Filmix","url":"https://api.manhan.one/rc/filmix","balanser":"rc/filmix"},
{"name":"Filmix PRO","url":"https://api.manhan.one/lite/filmixtv","balanser":"filmixtv"},
{"name":"VideoDB - 1080p","url":"http://hyi.manhan.one/lite/videodb","balanser":"videodb"},
{"name":"Lumex - 1080p","url":"http://138.124.127.102:12505/vcdn","balanser":"lumex"},
{"name":"CDNmovies - 1080p","url":"http://hyi.manhan.one/lite/vdbmovies","balanser":"vdbmovies"},
{"name":"Zetflix - 1080p","url":"https://api.manhan.one/lite/zetflix","balanser":"zetflix"},
{"name":"PMA - 4K","url":"https://api.manhan.one/lite/pma","balanser":"pma"},
{"name":"Collaps - 720p","url":"https://api.manhan.one/lite/collaps","balanser":"collaps"},
{"name":"HDVB - 1080p","url":"https://api.manhan.one/lite/hdvb","balanser":"hdvb"},
{"name":"Kinotochka - 720p","url":"https://api.manhan.one/lite/kinotochka","balanser":"kinotochka"}
]