<?xml version="1.0" encoding="UTF-8" standalone="yes"?>
<addon id="plugin.video.pazl2.tv"
       name="Пазл ТВ 2.0"
       version="2.6.1"
       provider-name="TDW">
  <requires>
    <import addon="xbmc.python" version="2.1.0"/>
  </requires>
  <extension point="xbmc.python.script"
            library="main.py">
        <provides>video</provides>
  </extension>
  <extension point="xbmc.addon.metadata">
    <summary>Пазл ТВ (Телевидение)</summary>
    <description>
Donate: http://paypal.me/tdw1980
Телевизионный агрегатор объединяющий в себе телеканалы нескольких сайтов (~500 каналов). Позволяет сортировать каналы по группам. Объединять одинаковые каналы. Поддерживает телепрограмму и переключение каналов в плеере.</description>
    <platform>all</platform>
  </extension>
</addon>
