<?xml version="1.0" encoding="UTF-8"?>
<window>
	<allowoverlay>no</allowoverlay>
	<defaultcontrol always="false">970</defaultcontrol>
	<controls>
		<control type="group" id="980">
				<control type="image">
					<description>bg image</description>
					<texture>PTV-bg.jpg</texture>
				</control>

				<control type="image">
					<description>panel image</description>
					<posx>455</posx>
					<posy>20</posy>
					<width>805</width>
					<height>680</height>
					<texture border="12">rcb-ContentPanel3.png</texture>
				</control>
				<control type="image">
					<description>panel image</description>
					<posx>20</posx>
					<posy>20</posy>
					<width>420</width>
					<height>680</height>
					<texture border="12">rcb-ContentPanel3.png</texture>
				</control>
				<control type="image">
					<description>art</description>
					<posx>500</posx>
					<posy>50</posy>
					<width>720</width>
					<height>490</height>
					<texture >$INFO[Window.Property(fanart)]</texture>
				</control>
				<control type="image">
					<description>picon</description>
					<posx>70</posx>
					<posy>100</posy>
					<width>320</width>
					<height>300</height>
					<texture>$INFO[Window.Property(picon)]</texture>
				</control>
				<control type="image">
					<posx>30</posx>
					<posy>80</posy>
					<width>400</width>
					<height>2</height>
					<texture border="0,2,0,2">rcb-separator2.png</texture>
				</control>
				
				<control type="label">
					<posx>30</posx>
					<posy>40</posy>
					<width>400</width>
					<height>35</height>
					<font>font16</font>
					<textcolor>FF0084ff</textcolor>
					<align>center</align>
					<aligny>center</aligny>
					<label>[B]$INFO[Window.Property(title)][/B]</label>
				</control>
				
				<control type="label">
					<posx>40</posx>
					<posy>410</posy>
					<width>400</width>
					<height>35</height>
					<font>font16</font>
					<textcolor>FF0084ff</textcolor>
					<align>left</align>
					<aligny>center</aligny>
					<label>Год:</label>
				</control>
				
				<control type="label">
					<posx>110</posx>
					<posy>410</posy>
					<width>400</width>
					<height>35</height>
					<font>font16</font>
					<textcolor>DDFFFFFF</textcolor>
					<align>left</align>
					<aligny>center</aligny>
					<label>[B]$INFO[Window.Property(year)][/B]</label>
				</control>
				
				<control type="label">
					<posx>40</posx>
					<posy>450</posy>
					<width>400</width>
					<height>35</height>
					<font>font16</font>
					<textcolor>FF0084ff</textcolor>
					<align>left</align>
					<aligny>center</aligny>
					<label>Жанр:</label>
				</control>
				
				<control type="label">
					<posx>120</posx>
					<posy>450</posy>
					<width>400</width>
					<height>35</height>
					<font>font16</font>
					<textcolor>DDFFFFFF</textcolor>
					<align>left</align>
					<aligny>center</aligny>
					<label>[B]$INFO[Window.Property(genre)][/B]</label>
				</control>
				
				<control type="label">
					<posx>40</posx>
					<posy>490</posy>
					<width>400</width>
					<height>35</height>
					<font>font16</font>
					<textcolor>FF0084ff</textcolor>
					<align>left</align>
					<aligny>center</aligny>
					<label>Консоль:</label>
				</control>
				
				<control type="label">
					<posx>160</posx>
					<posy>490</posy>
					<width>400</width>
					<height>35</height>
					<font>font16</font>
					<textcolor>DDFFFFFF</textcolor>
					<align>left</align>
					<aligny>center</aligny>
					<label>[B]$INFO[Window.Property(type)][/B]</label>
				</control>
				
				<control type="textbox" id="2101">
					<description>Plot</description>
					<posx>500</posx>
					<posy>550</posy>
					<width>720</width>
					<height>100</height>
					<!--<pagecontrol>2201</pagecontrol>-->
					<textcolor>DDFFFFFF</textcolor>
					<!--<align>justify</align>-->
					<align>center</align>
					<font>font12</font>
					<label>$INFO[Window.Property(plot)]</label>
				</control>

				
		</control>
	</controls>
</window>
