<?xml version="1.0" encoding="UTF-8" standalone="yes"?>
<addon id="plugin.video.fasttorrent.org"
       name="fast-torrent.org"
       version="1.6.4"
       provider-name="TDW">
  <requires>
    <import addon="xbmc.python" version="2.1.0"/>
    <import addon="script.module.torrent.ts"/>
  </requires>
  <extension point="xbmc.python.pluginsource"
            library="default.py">
        <provides>video</provides>
  </extension>
  <extension point="xbmc.addon.metadata">
    <summary>fast-torrent.org</summary>
    <description>fast-torrent.org for TorrentStreem</description>
    <platform>all</platform>
  </extension>
</addon>
