<?xml version="1.0" encoding="utf-8" standalone="yes"?>
<window>
	<allowoverlay>no</allowoverlay>
	<defaultcontrol always="false">500</defaultcontrol>
	<coordinates>
			<system>1</system>
			<posx>0</posx>
			<posy>0</posy>
	</coordinates>
	<controls>
		<!-- background 
		<control type="image" id="75">
			<description>background image</description>
			<posx>0</posx>
			<posy>0</posy>
			<width>1280</width>
			<height>720</height>
			<texture>PTV-bg.jpg</texture>
		</control>
		<control type="image">
			<description>Panel background image</description>
			<posx>0</posx>
			<posy>640</posy>
			<width>1280</width>
			<height>120</height>
			<texture>rcb-ContentPanel4.png</texture>
			<colordiffuse>DDFFFFFF</colordiffuse>
		</control>
		<control type="label">
			<posx>80r</posx>
			<posy>10</posy>
			<width>300</width>
			<height>35</height>
			<font>font24_title</font>
			<textcolor>FFb4b4b4</textcolor>
			<selectedcolor>selected</selectedcolor>
			<align>left</align>
			<aligny>center</aligny>
			<label>$INFO[System.Time]</label>
		</control>
		-->
		<!-- list groups -->
		<control type="group" id="200">
		
			<!-- list 52 -->
			<control type="group">
				<!--animation effect="slide" start="0,0" end="200,0" time="300" tween="quadratic" easing="out" condition="ControlGroup(300).HasFocus">Conditional</animation>
				<animation effect="slide" start="200,0" end="0,0" time="200" delay="200" tween="quadratic" easing="out" condition="!ControlGroup(300).HasFocus">Conditional</animation-->
				<control type="label" id="95">
					<posx>35</posx>
					<posy>10</posy>
					<width>400</width>
					<height>35</height>
					<font>font14</font>
					<textcolor>FFb4b4b4</textcolor>
					<selectedcolor>selected</selectedcolor>
					<align>left</align>
					<aligny>center</aligny>
					<label>Группа:</label>
				</control>
				<control type="label">
					<posx>540</posx>
					<posy>670</posy>
					<width>160</width>
					<height>35</height>
					<font>font14</font>
					<textcolor>FFb4b4b4</textcolor>
					<selectedcolor>selected</selectedcolor>
					<align>center</align>
					<aligny>center</aligny>
					<label>Каналов: $INFO[Container(600).NumItems]</label>
				</control>
				<control type="image">
					<!--animation effect="zoom" start="0,0,660,620" end="0,0,710,620" time="300" tween="quadratic" easing="out" condition="ControlGroup(300).HasFocus">Conditional</animation>
					<animation effect="zoom" start="0,0,710,620" end="0,0,660,620" time="200" delay="200" tween="quadratic" easing="out" condition="!ControlGroup(300).HasFocus">Conditional</animation-->
					<description>panel1 image</description>
					<posx>630</posx>
					<posy>50</posy>
					<width>660</width>
					<height>620</height>
					<texture border="12">rcb-ContentPanel3.png</texture>
					<!--<visible>Control.IsVisible(52)</visible-->
				</control>
				
				
				<!-- список  и информация-->
				<control type="group">
					<posx>50</posx>
					<posy>10</posy>
					<control type="label">
						<posx>5</posx>
						<posy>15</posy>
						<width>720</width>
						<height>30</height>
						<font>font16caps</font>
						<aligny>center</aligny>
						<textcolor>DDFFFFFF</textcolor>
						<selectedcolor>FFe2ff43</selectedcolor>
						<align>center</align>
						<label>$INFO[Window.Property(group)]</label>
					</control>
				
					<!-- список -->
					<control type="list" id="600">
						<posx>600</posx>
						<posy>70</posy>
						<width>600</width>
						<height>560</height>
						<onleft>300</onleft>
						<onright>61</onright>
						<preloaditems>true</preloaditems>
						<onup>600</onup>
						<ondown>600</ondown>
						<pagecontrol>61</pagecontrol>
						<viewtype label="Info 2">list</viewtype>
						<scrolltime>100</scrolltime>
						<itemlayout height="70" width="585">
							<!--control type="image">
								<posx>0</posx>
								<posy>0</posy>
								<width>1</width>
								<height>1</height>
								<background>true</background>
								<texture>$INFO[Window.Property(EPG0_img)]</texture>
								<visible>false</visible>
							</control-->
							<control type="image">
								<posx>0</posx>
								<posy>0</posy>
								<width>585</width>
								<height>70</height>
								<texture border="0,2,0,2">rcb-MenuItemNF.png</texture>
							</control>
							<control type="image">
								<posx>4</posx>
								<posy>4</posy>
								<width>62</width>
								<height>62</height>
								<texture>$INFO[ListItem.Property(picon_background)]</texture>
							</control>
							<control type="image">
								<posx>5</posx>
								<posy>5</posy>
								<width>60</width>
								<height>60</height>
								<aspectratio>keep</aspectratio>
								<texture>$INFO[ListItem.Property(picon)]</texture>
							</control>
							<control type="image">
								<!--animation effect="slide" start="0,0" end="100,0" time="300" tween="quadratic" easing="out" condition="ControlGroup(300).HasFocus">Conditional</animation-->
								<posx>50r</posx>
								<posy>7</posy>
								<width>60</width>
								<height>22</height>
								<texture>rec1.png</texture>
								<visible>ListItem.Property(arhive_visible)</visible>
							</control>
							<control type="label">
								<posx>75</posx>
								<posy>0</posy>
								<width>530</width>
								<height>35</height>
								<font>font14</font>
								<textcolor>FFb4b4b4</textcolor>
								<selectedcolor>selected</selectedcolor>
								<align>left</align>
								<aligny>center</aligny>
								<label>$INFO[ListItem.Label]</label>
							</control>
							<control type="label">
								<posx>75</posx>
								<posy>0</posy>
								<width>530</width>
								<height>35</height>
								<font>font14</font>
								<textcolor>FFFFAA22</textcolor>
								<selectedcolor>selected</selectedcolor>
								<align>left</align>
								<aligny>center</aligny>
								<label>$INFO[ListItem.Label2]</label>
							</control>
							<control type="label">
								<!--animation effect="slide" start="0,0" end="90,0" time="300" tween="quadratic" easing="out" condition="ControlGroup(300).HasFocus">Conditional</animation-->
								<posx>70</posx>
								<posy>30</posy>
								<width>530</width>
								<height>35</height>
								<font>font12</font>
								<textcolor>DDb4b4b4</textcolor>
								<selectedcolor>selected</selectedcolor>
								<align>right</align>
								<aligny>center</aligny>
								<label>$INFO[ListItem.Property(EPG0_title)]</label>
							</control>
						</itemlayout>
						<focusedlayout height="70" width="585">
							<control type="image">
								<posx>0</posx>
								<posy>0</posy>
								<width>585</width>
								<height>70</height>
								<texture border="0,2,0,2">rcb-MenuItemNF.png</texture>
								<visible>!Control.HasFocus(600)</visible>
							</control>
							<control type="image">
								<posx>0</posx>
								<posy>0</posy>
								<width>585</width>
								<height>70</height>
								<texture border="0,2,0,2">rcb-MenuItemFO.png</texture>
								<visible>Control.HasFocus(600)</visible>
							</control>
							<control type="image">
								<posx>4</posx>
								<posy>4</posy>
								<width>62</width>
								<height>62</height>
								<texture>$INFO[ListItem.Property(picon_background)]</texture>
							</control>
							<control type="image">
								<posx>5</posx>
								<posy>5</posy>
								<width>60</width>
								<height>60</height>
								<aspectratio>keep</aspectratio>
								<texture>$INFO[ListItem.Property(picon)]</texture>
							</control>
							<control type="image">
								<!--animation effect="slide" start="0,0" end="100,0" time="300" tween="quadratic" easing="out" condition="ControlGroup(300).HasFocus">Conditional</animation-->
								<posx>50r</posx>
								<posy>7</posy>
								<width>60</width>
								<height>22</height>
								<texture>rec1.png</texture>
								<visible>ListItem.Property(arhive_visible)</visible>
							</control>
							<control type="label">
								<posx>75</posx>
								<posy>0</posy>
								<width>530</width>
								<height>35</height>
								<font>font14</font>
								<textcolor>white</textcolor>
								<selectedcolor>selected</selectedcolor>
								<align>left</align>
								<aligny>center</aligny>
								<label>$INFO[ListItem.Label]</label>
							</control>
							<control type="label">
								<posx>75</posx>
								<posy>0</posy>
								<width>530</width>
								<height>35</height>
								<font>font14</font>
								<textcolor>FFFFAA22</textcolor>
								<selectedcolor>selected</selectedcolor>
								<align>left</align>
								<aligny>center</aligny>
								<label>$INFO[ListItem.Label2]</label>
							</control>
							<control type="label">
								<!--animation effect="slide" start="0,0" end="90,0" time="300" tween="quadratic" easing="out" condition="ControlGroup(300).HasFocus">Conditional</animation-->
								<posx>70</posx>
								<posy>30</posy>
								<width>530</width>
								<height>35</height>
								<font>font13</font>
								<textcolor>white</textcolor>
								<selectedcolor>selected</selectedcolor>
								<align>right</align>
								<aligny>center</aligny>
								<label>$INFO[ListItem.Property(EPG0_title)]</label>
							</control>
						</focusedlayout>
					</control>
					
					<control type="button" id="61">
						<posx>0</posx>
						<posy>0</posy>
						<width>4</width>
						<height>4</height>
						<texturefocus></texturefocus>
						<texturenofocus></texturenofocus>
						<label></label>
						<onup>600</onup>
						<ondown>600</ondown>
						<onleft>600</onleft>
						<onright>600</onright>
					</control>

					<!--control type="scrollbar" id="61">
						<animation effect="slide" start="0,0" end="50,0" time="300" tween="quadratic" easing="out" condition="ControlGroup(300).HasFocus">Conditional</animation>
						<animation effect="slide" start="50,0" end="0,0" time="200" delay="200" tween="quadratic" easing="out" condition="!ControlGroup(300).HasFocus">Conditional</animation>
						<posx>1205</posx>
						<posy>55</posy>
						<width>25</width>
						<height>590</height>
						<texturesliderbackground border="0,14,0,14">rcb-ScrollBarV.png</texturesliderbackground>
						<texturesliderbar border="0,14,0,14">rcb-ScrollBarV_bar.png</texturesliderbar>
						<texturesliderbarfocus border="0,14,0,14">rcb-ScrollBarV_bar_focus.png</texturesliderbarfocus>
						<textureslidernib>rcb-ScrollBarNib.png</textureslidernib>
						<textureslidernibfocus>rcb-ScrollBarNib.png</textureslidernibfocus>
						<onleft>600</onleft>
						<onright>2</onright>
						<showonepage>false</showonepage>
						<orientation>vertical</orientation>
						<visible allowhiddenfocus="true">Control.IsVisible(600)</visible>
					</control-->
					
				</control>
			</control>
		</control>
		
		<!-- панель групп -->
		<control type="group" id="300">
					<animation effect="slide" start="0,0" end="180,0" time="300" tween="quadratic" easing="out" condition="ControlGroup(300).HasFocus">Conditional</animation>
					<animation effect="slide" start="180,0" end="0,0" time="200" delay="200" tween="quadratic" easing="out" condition="!ControlGroup(300).HasFocus">Conditional</animation>
					
					<control type="image">
						<description>panel3 image</description>
						<posx>-330</posx>
						<posy>50</posy>
						<width>350</width>
						<height>620</height>
						<texture border="12">rcb-ContentPanel3.png</texture>
						<visible>Control.IsVisible(300)</visible>
					</control>
					
					<control type="list" id="800">
							<posx>-360</posx>
							<posy>70</posy>
							<width>385</width>
							<height>560</height>
							<onleft>200</onleft>
							<onright>600</onright>
							<onup>1</onup>
							<ondown>800</ondown>
							<pagecontrol>610</pagecontrol>
							<visible>Control.IsVisible(300)</visible>
							<viewtype label="Info 2">list</viewtype>
							<scrolltime>100</scrolltime>
							<itemlayout height="35" width="585">
								<control type="image">
									<posx>40</posx>
									<posy>0</posy>
									<width>330</width>
									<height>35</height>
									<texture border="0,2,0,2">rcb-MenuItemNF.png</texture>
								</control>
								<control type="label">
									<posx>55</posx>
									<posy>0</posy>
									<width>350</width>
									<height>35</height>
									<font>font14</font>
									<textcolor>FFb4b4b4</textcolor>
									<selectedcolor>selected</selectedcolor>
									<align>left</align>
									<aligny>center</aligny>
									<label>$INFO[ListItem.Label]</label>
								</control>
							</itemlayout>
							<focusedlayout height="35" width="585">
								<control type="image">
									<posx>40</posx>
									<posy>0</posy>
									<width>330</width>
									<height>35</height>
									<texture border="0,2,0,2">rcb-MenuItemNF.png</texture>
									<visible>!Control.HasFocus(800)</visible>
								</control>
								<control type="image">
									<posx>40</posx>
									<posy>0</posy>
									<width>330</width>
									<height>35</height>
									<texture border="0,2,0,2">rcb-MenuItemFO.png</texture>
									<visible>Control.HasFocus(800)</visible>
								</control>
								<control type="label">
									<posx>55</posx>
									<posy>0</posy>
									<width>360</width>
									<height>35</height>
									<font>font14</font>
									<textcolor>white</textcolor>
									<selectedcolor>selected</selectedcolor>
									<align>left</align>
									<aligny>center</aligny>
									<label>$INFO[ListItem.Label]</label>
								</control>
							</focusedlayout>
					</control>
					
					<control type="button" id="6">
						<posx>-330</posx>
						<posy>0</posy>
						<width>350</width>
						<height>70</height>
						<texturefocus></texturefocus>
						<texturenofocus></texturenofocus>
						<label></label>
						<onup>5</onup>
						<ondown>5</ondown>
						<onleft>5</onleft>
						<onright>5</onright>
					</control>
		</control>
	</controls>
</window>
