<?xml version="1.0" encoding="UTF-8"?>
<window>
	<allowoverlay>no</allowoverlay>
	<defaultcontrol always="false">970</defaultcontrol>
	<controls>
		<control type="group" id="980">
				<control type="image">
					<description>bg image</description>
					<texture>PTV-bg.jpg</texture>
				</control>

				<control type="image">
					<description>panel image</description>
					<posx>355</posx>
					<posy>20</posy>
					<width>905</width>
					<height>680</height>
					<texture border="12">rcb-ContentPanel3.png</texture>
				</control>
				<control type="image">
					<description>panel image</description>
					<posx>20</posx>
					<posy>20</posy>
					<width>320</width>
					<height>680</height>
					<texture border="12">rcb-ContentPanel3.png</texture>
				</control>
				<control type="image">
					<posx>750</posx>
					<posy>300</posy>
					<width>100</width>
					<height>100</height>
					<texture colordiffuse="AAFFFFFF">$INFO[Window.Property(update)]</texture>
				</control>
				<control type="image">
					<description>picon</description>
					<posx>55</posx>
					<posy>40</posy>
					<width>250</width>
					<height>250</height>
					<aspectratio>keep</aspectratio>
					<texture border="5">$INFO[Window.Property(picon_background)]</texture>
				</control>
				<control type="image">
					<description>picon</description>
					<posx>65</posx>
					<posy>50</posy>
					<width>230</width>
					<height>230</height>
					<aspectratio>keep</aspectratio>
					<texture>$INFO[Window.Property(picon)]</texture>
				</control>
				<control type="image">
					<posx>40</posx>
					<posy>335</posy>
					<width>280</width>
					<height>2</height>
					<texture border="0,2,0,2">rcb-separator2.png</texture>
				</control>

				<control type="label">
					<posx>30</posx>
					<posy>292</posy>
					<width>300</width>
					<height>35</height>
					<font>font16</font>
					<textcolor>FF0084ff</textcolor>
					<align>center</align>
					<aligny>center</aligny>
					<label>[B]$INFO[Window.Property(title)][/B]</label>
				</control>

				<control type="list" id="500">
					<posx>30</posx>
					<posy>340</posy>
					<width>300</width>
					<height>350</height>
					<onleft>600</onleft>
					<onright>600</onright>
					<onup>500</onup>
					<ondown>500</ondown>
					<pagecontrol>610</pagecontrol>
					<viewtype label="Info 1">list</viewtype>
					<scrolltime>100</scrolltime>
					<itemlayout height="35" width="300">
						<control type="image">
							<posx>0</posx>
							<posy>0</posy>
							<width>300</width>
							<height>35</height>
							<texture border="0,2,0,2">rcb-MenuItemNF.png</texture>
						</control>
						<control type="label">
							<posx>0</posx>
							<posy>0</posy>
							<width>300</width>
							<height>35</height>
							<font>font14</font>
							<textcolor>FFb4b4b4</textcolor>
							<selectedcolor>selected</selectedcolor>
							<align>center</align>
							<aligny>center</aligny>
							<label>$INFO[ListItem.Label]</label>
						</control>
						<control type="label">
							<posx>0</posx>
							<posy>0</posy>
							<width>300</width>
							<height>35</height>
							<font>font14</font>
							<textcolor>FFFF9933</textcolor>
							<selectedcolor>selected</selectedcolor>
							<align>center</align>
							<aligny>center</aligny>
							<label>$INFO[ListItem.Label2]</label>
						</control>
					</itemlayout>
					<focusedlayout height="35" width="300">
						<control type="image">
							<posx>0</posx>
							<posy>0</posy>
							<width>300</width>
							<height>35</height>
							<texture border="0,2,0,2">rcb-MenuItemNF.png</texture>
						</control>
						<control type="image">
							<posx>0</posx>
							<posy>0</posy>
							<width>300</width>
							<height>35</height>
							<texture border="0,2,0,2">rcb-MenuItemFO.png</texture>
							<visible>Control.HasFocus(500)</visible>
						</control>
						<control type="label">
							<posx>0</posx>
							<posy>0</posy>
							<width>300</width>
							<height>35</height>
							<font>font14</font>
							<textcolor>white</textcolor>
							<selectedcolor>selected</selectedcolor>
							<align>center</align>
							<aligny>center</aligny>
							<label>$INFO[ListItem.Label]</label>
						</control>
						<control type="label">
							<posx>0</posx>
							<posy>0</posy>
							<width>300</width>
							<height>35</height>
							<font>font14</font>
							<textcolor>FFFF9933</textcolor>
							<selectedcolor>selected</selectedcolor>
							<align>center</align>
							<aligny>center</aligny>
							<label>$INFO[ListItem.Label2]</label>
						</control>
					</focusedlayout>
				</control>

				<control type="list" id="600">
					<posx>370</posx>
					<posy>50</posy>
					<width>850</width>
					<height>600</height>
					<onleft>500</onleft>
					<onright>61</onright>
					<preloaditems>true</preloaditems>
					<onup>600</onup>
					<ondown>600</ondown>
					<pagecontrol>61</pagecontrol>
					<viewtype label="Info 2">list</viewtype>
					<scrolltime>100</scrolltime>
					<itemlayout height="35" width="850">
						<control type="image">
							<posx>0</posx>
							<posy>0</posy>
							<width>850</width>
							<height>70</height>
							<texture border="0,2,0,2">rcb-MenuItemNF.png</texture>
						</control>
						<control type="image">
							<posx>4</posx>
							<posy>4</posy>
							<width>62</width>
							<height>62</height>
							<texture>$INFO[ListItem.Property(picon_background)]</texture>
						</control>
						<control type="image">
							<posx>5</posx>
							<posy>5</posy>
							<width>60</width>
							<height>60</height>
							<aspectratio>keep</aspectratio>
							<texture>$INFO[ListItem.Property(picon)]</texture>
						</control>
						<control type="image">
							<posx>50r</posx>
							<posy>7</posy>
							<width>60</width>
							<height>22</height>
							<texture>rec1.png</texture>
							<visible>!IsEmpty(ListItem.Property(arhive))</visible>
						</control>
						<control type="label">
							<posx>75</posx>
							<posy>0</posy>
							<width>850</width>
							<height>35</height>
							<font>font14</font>
							<textcolor>FFb4b4b4</textcolor>
							<selectedcolor>selected</selectedcolor>
							<align>left</align>
							<aligny>center</aligny>
							<label>$INFO[ListItem.Label]</label>
						</control>
						<control type="label">
							<posx>75</posx>
							<posy>0</posy>
							<width>850</width>
							<height>35</height>
							<font>font14</font>
							<textcolor>FFFFAA22</textcolor>
							<selectedcolor>selected</selectedcolor>
							<align>left</align>
							<aligny>center</aligny>
							<label>$INFO[ListItem.Label2]</label>
						</control>
						<control type="label">
							<posx>70</posx>
							<posy>30</posy>
							<width>850</width>
							<height>35</height>
							<font>font12</font>
							<textcolor>DDb4b4b4</textcolor>
							<selectedcolor>selected</selectedcolor>
							<align>right</align>
							<aligny>center</aligny>
							<label>$INFO[ListItem.Property(EPG0_title)]</label>
						</control>
					</itemlayout>
					<focusedlayout height="70" width="850">
						<control type="image">
							<posx>0</posx>
							<posy>0</posy>
							<width>850</width>
							<height>70</height>
							<texture border="0,2,0,2">rcb-MenuItemNF.png</texture>
							<visible>!Control.HasFocus(600)</visible>
						</control>
						<control type="image">
							<posx>0</posx>
							<posy>0</posy>
							<width>850</width>
							<height>70</height>
							<texture border="0,2,0,2">rcb-MenuItemFO.png</texture>
							<visible>Control.HasFocus(600)</visible>
						</control>
						<control type="image">
							<posx>4</posx>
							<posy>4</posy>
							<width>62</width>
							<height>62</height>
							<texture>$INFO[ListItem.Property(picon_background)]</texture>
						</control>
						<control type="image">
							<posx>5</posx>
							<posy>5</posy>
							<width>60</width>
							<height>60</height>
							<aspectratio>keep</aspectratio>
							<texture>$INFO[ListItem.Property(picon)]</texture>
						</control>
						<control type="image">
							<posx>50r</posx>
							<posy>7</posy>
							<width>60</width>
							<height>22</height>
							<texture>rec1.png</texture>
							<visible>!IsEmpty(ListItem.Property(arhive))</visible>
						</control>
						<control type="label">
							<posx>75</posx>
							<posy>0</posy>
							<width>850</width>
							<height>35</height>
							<font>font14</font>
							<textcolor>white</textcolor>
							<selectedcolor>selected</selectedcolor>
							<align>left</align>
							<aligny>center</aligny>
							<label>$INFO[ListItem.Label]</label>
						</control>
						<control type="label">
							<posx>75</posx>
							<posy>0</posy>
							<width>850</width>
							<height>35</height>
							<font>font14</font>
							<textcolor>FFFFAA22</textcolor>
							<selectedcolor>selected</selectedcolor>
							<align>left</align>
							<aligny>center</aligny>
							<label>$INFO[ListItem.Label2]</label>
						</control>
						<control type="label">
							<posx>70</posx>
							<posy>30</posy>
							<width>850</width>
							<height>35</height>
							<font>font13</font>
							<textcolor>white</textcolor>
							<selectedcolor>selected</selectedcolor>
							<align>right</align>
							<aligny>center</aligny>
							<label>$INFO[ListItem.Property(EPG0_title)]</label>
						</control>
					</focusedlayout>
				</control>
				<control type="scrollbar" id="61">
						<posx>60r</posx>
						<posy>55</posy>
						<width>25</width>
						<height>590</height>
						<texturesliderbackground border="0,14,0,14">rcb-ScrollBarV.png</texturesliderbackground>
						<texturesliderbar border="0,14,0,14">rcb-ScrollBarV_bar.png</texturesliderbar>
						<texturesliderbarfocus border="0,14,0,14">rcb-ScrollBarV_bar_focus.png</texturesliderbarfocus>
						<textureslidernib>rcb-ScrollBarNib.png</textureslidernib>
						<textureslidernibfocus>rcb-ScrollBarNib.png</textureslidernibfocus>
						<onleft>600</onleft>
						<onright>2</onright>
						<showonepage>false</showonepage>
						<orientation>vertical</orientation>
						<visible allowhiddenfocus="true">Control.IsVisible(600)</visible>
				</control>
				
		</control>
	</controls>
</window>
