<?xml version="1.0" encoding="UTF-8" standalone="yes"?>
<addon id="plugin.audio.mds-fm.ru"
       name="MDS-FM.ru"
       version="0.3.0"
       provider-name="TDW">
  <requires>
    <import addon="xbmc.python" version="2.1.0"/>
  </requires>
  <extension point="xbmc.python.pluginsource"
            library="default.py">
        <provides>audio</provides>
  </extension>
  <extension point="xbmc.addon.metadata">
    <platform>all</platform>
    <summary>МДС-FM архив радиопередачи - Модель для сборки</summary>
    <description>МДС-FM архив радиопередачи - Модель для сборки</description>
  </extension>
</addon>
