<?xml version="1.0" encoding="UTF-8" standalone="yes"?>
<addon id="plugin.video.tvfeed"
       name="TVFeed"
       version="2.0.2"
       provider-name="TDW">
  <requires>
  </requires>
  <extension point="xbmc.python.pluginsource"
            library="default.py">
        <provides>video</provides>
  </extension>
  <extension point="xbmc.addon.metadata">
    <summary>TVFeed</summary>
    <description>Сериалы по технологии ACE Stream</description>
    <platform>all</platform>
    <assets>
        <icon>icon.png</icon>
    </assets>
  </extension>
</addon>
