<?xml version="1.0" encoding="UTF-8" standalone="yes"?>
<addon id="plugin.video.anilibria.tv"
       name="Anilibria.TV"
       version="0.5.2"
       provider-name="TDW">
  <requires>
    <import addon="xbmc.python" version="2.1.0"/>
    <import addon="plugin.video.tam"/>
  </requires>
  <extension point="xbmc.python.pluginsource"
            library="default.py">
        <provides>video</provides>
  </extension>
  <extension point="xbmc.addon.metadata">
    <summary>Anilibria.TV</summary>
    <description>Anilibria.TV трекер аниме сериалов.
Donate: http://paypal.me/tdw1980
    </description>
    <platform>all</platform>
  </extension>
</addon>
