<?xml version="1.0" encoding="utf-8" standalone="yes"?>
<window>
	<allowoverlay>no</allowoverlay>
	<defaultcontrol always="false">500</defaultcontrol>
	<coordinates>
			<system>1</system>
			<posx>0</posx>
			<posy>0</posy>
	</coordinates>
	<controls>
		<!-- background -->
		<control type="image" id="75">
			<description>background image</description>
			<posx>0</posx>
			<posy>0</posy>
			<width>1280</width>
			<height>720</height>
			<texture>PTV-bg.jpg</texture>
		</control>
		<control type="image">
			<description>Panel background image</description>
			<posx>0</posx>
			<posy>640</posy>
			<width>1280</width>
			<height>120</height>
			<texture>rcb-ContentPanel4.png</texture>
			<colordiffuse>DDFFFFFF</colordiffuse>
			<!--<visible>Control.IsVisible(52)</visible-->
		</control>
		<control type="label">
			<posx>80r</posx>
			<posy>10</posy>
			<width>300</width>
			<height>35</height>
			<font>font24_title</font>
			<textcolor>FFb4b4b4</textcolor>
			<selectedcolor>selected</selectedcolor>
			<align>left</align>
			<aligny>center</aligny>
			<label>$INFO[System.Time]</label>
		</control>
		
		<!-- list groups -->
		<control type="group" id="200">
		
			<!-- list 52 -->
			<control type="group">
				<control type="label">
					<posx>540</posx>
					<posy>670</posy>
					<width>160</width>
					<height>35</height>
					<font>font14</font>
					<textcolor>FFb4b4b4</textcolor>
					<selectedcolor>selected</selectedcolor>
					<align>center</align>
					<aligny>center</aligny>
					<label>всего: $INFO[Container(600).NumItems]</label>
				</control>
				<control type="image">
					<description>panel1 image</description>
					<posx>20</posx>
					<posy>50</posy>
					<width>1240</width>
					<height>620</height>
					<texture border="12">rcb-ContentPanel3.png</texture>
					<!--<visible>Control.IsVisible(52)</visible-->
				</control>
				
				
				<!-- список  и информация-->
				<control type="group">
					<posx>40</posx>
					<posy>10</posy>
					<!--<visible>Control.IsVisible(52)</visible-->
					<control type="label">
						<posx>5</posx>
						<posy>15</posy>
						<width>720</width>
						<height>30</height>
						<font>font16caps</font>
						<aligny>center</aligny>
						<textcolor>DDFFFFFF</textcolor>
						<selectedcolor>FFe2ff43</selectedcolor>
						<align>center</align>
						<label>$INFO[Window.Property(group)]</label>
						<!--<visible>Control.IsVisible(52)</visible-->
					</control>
				
					<!-- список -->
					<control type="panel" id="600">
						<posx>0</posx>
						<posy>70</posy>
						<width>1200</width>
						<height>560</height>
						<onleft>300</onleft>
						<onright>61</onright>
						<preloaditems>true</preloaditems>
						<onup>600</onup>
						<ondown>600</ondown>
						<pagecontrol>61</pagecontrol>
						<viewtype label="Info 2">list</viewtype>
						<scrolltime>100</scrolltime>
						<itemlayout height="112" width="100">
							<control type="image">
								<posx>0</posx>
								<posy>0</posy>
								<width>100</width>
								<height>90</height>
								<texture border="5,5,5,5">rcb-ThumbBorder.png</texture>
							</control>
							<control type="image">
								<posx>5</posx>
								<posy>5</posy>
								<width>90</width>
								<height>80</height>
								<texture>$INFO[ListItem.Property(picon_background)]</texture>
							</control>
							<control type="image">
								<posx>10</posx>
								<posy>10</posy>
								<width>80</width>
								<height>70</height>
								<aspectratio>keep</aspectratio>
								<texture>$INFO[ListItem.Property(picon)]</texture>
							</control>
							<control type="label">
								<posx>2</posx>
								<posy>88</posy>
								<width>100</width>
								<height>24</height>
								<font>font10</font>
								<textcolor>FFb4b4b4</textcolor>
								<selectedcolor>selected</selectedcolor>
								<align>center</align>
								<aligny>center</aligny>
								<label>$INFO[ListItem.Label]</label>
							</control>
							<control type="label">
								<posx>2</posx>
								<posy>88</posy>
								<width>100</width>
								<height>24</height>
								<font>font10</font>
								<textcolor>FFFFAA22</textcolor>
								<selectedcolor>selected</selectedcolor>
								<align>center</align>
								<aligny>center</aligny>
								<label>$INFO[ListItem.Label2]</label>
							</control>
						</itemlayout>
						<focusedlayout height="112" width="100">
							<control type="image">
								<posx>0</posx>
								<posy>0</posy>
								<width>100</width>
								<height>90</height>
								<texture border="0,2,0,2">rcb-MenuItemNF.png</texture>
								<visible>!Control.HasFocus(600)</visible>
							</control>
							<control type="image">
								<posx>0</posx>
								<posy>0</posy>
								<width>100</width>
								<height>90</height>
								<texture border="5,5,5,5">KeyboardKeyG.png</texture>
								<visible>Control.HasFocus(600)</visible>
							</control>
							<control type="image">
								<posx>5</posx>
								<posy>5</posy>
								<width>90</width>
								<height>80</height>
								<texture>$INFO[ListItem.Property(picon_background)]</texture>
							</control>
							<control type="image">
								<posx>10</posx>
								<posy>10</posy>
								<width>80</width>
								<height>70</height>
								<aspectratio>keep</aspectratio>
								<texture>$INFO[ListItem.Property(picon)]</texture>
							</control>
							<control type="label">
								<posx>2</posx>
								<posy>88</posy>
								<width>100</width>
								<height>24</height>
								<font>font10</font>
								<textcolor>FF22AAFF</textcolor>
								<selectedcolor>selected</selectedcolor>
								<align>center</align>
								<aligny>center</aligny>
								<label>$INFO[ListItem.Label]</label>
							</control>
							<control type="label">
								<posx>2</posx>
								<posy>88</posy>
								<width>100</width>
								<height>24</height>
								<font>font10</font>
								<textcolor>FFFFAA22</textcolor>
								<selectedcolor>selected</selectedcolor>
								<align>center</align>
								<aligny>center</aligny>
								<label>$INFO[ListItem.Label2]</label>
							</control>
						</focusedlayout>
					</control>
				</control>
			</control>
		</control>
		
		<!-- Messages -->
		<control type="label" id="4000">
			<description>Notes</description>
			<posx>10</posx>
			<posy>560</posy>
			<width>680</width>
			<height>10</height>
			<align>left</align>
			<scroll>true</scroll>
		    <textcolor>DDFFFFFF</textcolor>
		    <label></label>
			<font>font10</font>
		</control>		
	</controls>
</window>
