﻿<?xml version="1.0" encoding="UTF-8" standalone="yes"?>
<addon id="plugin.video.KinoPoisk.ru"
       name="KinoPoisk"
       version="4.8.10"
       provider-name="TDW">
  <requires>
    <import addon="plugin.video.tam" optional="true"/>  
  </requires>
  <extension point="xbmc.python.pluginsource" library="default.py">
        <provides>video</provides>
  </extension>
  <extension point="xbmc.service" library="server.py" start="[login|startup]"/>
  <extension point="xbmc.addon.metadata">
    <summary>KinoPoisk.ru</summary>
    <description>Поиск фильмов и сериалов.  
Forum: https://kodi.moy.su
Donate: https://goo.su/iQCJl6h
    </description>
    <platform>all</platform>
    <assets>
        <icon>icon.png</icon>
    </assets>
  </extension>
</addon>
