<?xml version="1.0" encoding="UTF-8" standalone="yes"?>
<addon id="plugin.video.KinoPoisk.ru"
       name="KinoPoisk"
       version="2.12.0"
       provider-name="TDW">
  <requires>
    <import addon="xbmc.python" version="2.1.0"/>
    <import addon="script.module.torrent.ts"/>
    <import addon="script.module.torrent2http"/>
  </requires>
  <extension point="xbmc.python.pluginsource"
            library="default.py">
        <provides>video</provides>
  </extension>
  <extension point="xbmc.service" library="server.py" start="[login|startup]"/>
  <extension point="xbmc.addon.metadata">
    <summary>KinoPoisk.ru</summary>
    <description>Поиск фильмов и сериалов.  
Donate: http://paypal.me/tdw1980
    </description>
    <platform>all</platform>
  </extension>
</addon>
