<?xml version="1.0" encoding="UTF-8" standalone="yes"?>
<addon id="plugin.video.tvfeed"
       name="TVFeed"
       version="0.5.5"
       provider-name="TDW">
  <requires>
    <import addon="xbmc.python" version="2.1.0"/>
  </requires>
  <extension point="xbmc.python.pluginsource"
            library="default.py">
        <provides>video</provides>
  </extension>
  <extension point="xbmc.addon.metadata">
    <summary>TVFeed</summary>
    <description>Сериалы по технологии ACE Stream</description>
    <platform>all</platform>
  </extension>
</addon>
