<?xml version="1.0" encoding="UTF-8" standalone="yes"?>
<addon id="plugin.video.world-art.ru"
       name="World-Art.ru"
       version="0.1.0"
       provider-name="TDW">
  <requires>
    <import addon="xbmc.python" version="2.1.0"/>
    <import addon="script.module.torrent.ts"/>
  </requires>
  <extension point="xbmc.python.pluginsource"
            library="default.py">
        <provides>video</provides>
  </extension>
  <extension point="xbmc.addon.metadata">
    <summary>World-Art.ru</summary>
    <description>Поиск фильмов и сериалов</description>
    <platform>all</platform>
  </extension>
</addon>
