﻿<?xml version="1.0" encoding="UTF-8" standalone="yes"?>
<addon id="plugin.video.pazl.lt"
       name="Пазл ТВ Light"
       version="0.4.8"
       provider-name="TDW">
  <extension point="xbmc.python.script"
            library="main.py">
        <provides>video</provides>
  </extension>
  <extension point="xbmc.service" library="server.py" start="[login|startup]"/>
  <extension point="xbmc.addon.metadata">
    <summary>ТВ легко и просто</summary>
    <description>ТВ это просто. Включи и смотри.</description>
    <platform>all</platform>
    <assets>
        <icon>icon.png</icon>
    </assets>
  </extension>
</addon>
