<?xml version="1.0" encoding="UTF-8"?>
<addon id="plugin.video.torrent.checker"
version="0.3.3"
name="Torrent Checker"
provider-name="TDW1980">
<requires>
    <import addon="xbmc.python" version="2.14.0"/>
    <import addon="script.module.requests" version="2.6.0"/>
    <import addon="script.module.torrent.ts"/>
    <import addon="script.module.torrent2http"/>
</requires>
<extension point="xbmc.python.pluginsource" library="main.py">
    <provides>video</provides>
</extension>
<extension point="xbmc.service" library="server.py" start="[login|startup]"/>
<extension point="xbmc.addon.metadata">
      <summary lang="en">Torrent Checker</summary>
      <description lang="en">Torrent Checker - Проверяет наличие новых серий в раздаче.</description>
      <platform>all</platform>
</extension>
</addon>
