<?xml version="1.0" encoding="UTF-8" standalone="yes"?>
<addon id="plugin.video.animedia.tv"
       name="Animedia.TV"
       version="0.2.0"
       provider-name="TDW">
  <requires>
    <import addon="xbmc.python" version="2.1.0"/>
    <import addon="script.module.torrent.ts"/>
    <import addon="script.module.torrent2http"/>
  </requires>
  <extension point="xbmc.python.pluginsource"
            library="default.py">
        <provides>video</provides>
  </extension>
  <extension point="xbmc.addon.metadata">
    <summary>Animedia.TV</summary>
    <description>Animedia.TV трекер аниме сериалов.
Donate: http://paypal.me/tdw1980
    </description>
    <platform>all</platform>
  </extension>
</addon>
