<?xml version="1.0" encoding="UTF-8" standalone="yes"?>
<addon id="plugin.program.pazl.epg"
       name="Пазл Телегид"
       version="0.7.1"
       provider-name="TDW">
  <requires>
    <import addon="xbmc.python" version="2.1.0"/>
  </requires>
  <extension point="xbmc.python.pluginsource"
            library="default.py">
        <provides>video</provides>
  </extension>
  <extension point="xbmc.service" library="server.py" start="[login|startup]"/>
  <extension point="xbmc.addon.metadata">
    <summary>Пазл Телепрограмма</summary>
    <description>Просмотр телепрограммы</description>
    <platform>all</platform>
  </extension>
</addon>
