<?xml version="1.0" encoding="UTF-8" standalone="yes"?>
<addon id="plugin.video.animedia.tv"
       name="Animedia.TV"
       version="1.0.0"
       provider-name="TDW">
  <requires>
    <import addon="plugin.video.tam"/>
  </requires>
  <extension point="xbmc.python.pluginsource" library="default.py">
        <provides>video</provides>
  </extension>
  <extension point="xbmc.addon.metadata">
    <summary>Animedia.TV</summary>
    <description>Animedia.TV трекер аниме сериалов.
    </description>
    <platform>all</platform>
    <assets>
        <icon>icon.png</icon>
    </assets>
  </extension>
</addon>
