<?xml version="1.0" encoding="UTF-8" standalone="yes"?>
<addon id="plugin.video.tam"
    name="TAM"
    version="0.4.9"
    provider-name="TDW1980">
  <requires>
    <import addon="xbmc.python" version="2.1.0"/>
    <import addon="script.module.torrent.ts"/>
    <import addon="script.module.torrent2http"/>
    <import addon="script.module.torrserver"/>
  </requires>
  <extension point="xbmc.python.pluginsource" library="main.py">
    <provides>video</provides>
  </extension>
  <extension point="xbmc.addon.metadata">
    <summary lang="en">TAM - менеджер торрент движков. Позволяет просматривать локальные торрент файлы. Или может выступать посредником между движками и плагинами контента.</summary>
    <description lang="en">TAM - менеджер торрент движков. Позволяет просматривать локальные торрент файлы. Или может выступать посредником между движками и плагинами контента.</description>
    <platform>all</platform>
  </extension>
</addon>
