<?xml version="1.0" encoding="UTF-8" standalone="yes"?>
<addon id="plugin.video.filmpotok"
       name="Filmpotok"
       version="1.0.6"
       provider-name="TDW">
  <requires>
    <import addon="plugin.video.tam"/>
  </requires>
  <extension point="xbmc.python.pluginsource"
            library="default.py">
        <provides>video</provides>
  </extension>
  <extension point="xbmc.addon.metadata">
    <summary>filmpotok</summary>
    <description>filmpotok
Donate: http://paypal.me/tdw1980
    </description>
    <platform>all</platform>
    <assets>
        <icon>icon.png</icon>
    </assets>
  </extension>
</addon>
