<?xml version="1.0" encoding="UTF-8" standalone="yes"?>
<addon id="plugin.video.torrentino.me"
       name="Torrentino"
       version="0.4.0"
       provider-name="TDW">
  <requires>
    <import addon="xbmc.python" version="2.1.0"/>
    <import addon="script.module.torrent.ts"/>
  </requires>
  <extension point="xbmc.python.pluginsource"
            library="default.py">
        <provides>video</provides>
  </extension>
  <extension point="xbmc.addon.metadata">
    <summary>Torrentino</summary>
    <description>Торрент трекер</description>
    <platform>all</platform>
  </extension>
</addon>
