<?xml version="1.0" encoding="utf-8" standalone="yes"?>
<window>
	<allowoverlay>no</allowoverlay>
	<defaultcontrol always="false">500</defaultcontrol>
	<coordinates>
			<system>1</system>
			<posx>0</posx>
			<posy>0</posy>
	</coordinates>
	<controls>
		<!-- background -->
		<control type="image" id="75">
			<description>background image</description>
			<posx>0</posx>
			<posy>0</posy>
			<width>1280</width>
			<height>720</height>
			<texture>PTV-bg.jpg</texture>
		</control>
		<control type="image">
			<description>Panel background image</description>
			<posx>0</posx>
			<posy>640</posy>
			<width>1280</width>
			<height>120</height>
			<texture>rcb-ContentPanel4.png</texture>
			<colordiffuse>DDFFFFFF</colordiffuse>
			<!--<visible>Control.IsVisible(52)</visible-->
		</control>
		<control type="label">
			<posx>80r</posx>
			<posy>10</posy>
			<width>300</width>
			<height>35</height>
			<font>font24_title</font>
			<textcolor>FFb4b4b4</textcolor>
			<selectedcolor>selected</selectedcolor>
			<align>left</align>
			<aligny>center</aligny>
			<label>$INFO[System.Time]</label>
		</control>
		
		<!-- list groups -->
		<control type="group" id="200">
		
			<!-- list 52 -->
			<control type="group">
				<animation effect="slide" start="0,0" end="200,0" time="300" tween="quadratic" easing="out" condition="ControlGroup(300).HasFocus">Conditional</animation>
				<animation effect="slide" start="200,0" end="0,0" time="200" delay="200" tween="quadratic" easing="out" condition="!ControlGroup(300).HasFocus">Conditional</animation>
				<control type="label" id="95">
					<posx>35</posx>
					<posy>10</posy>
					<width>400</width>
					<height>35</height>
					<font>font14</font>
					<textcolor>FFb4b4b4</textcolor>
					<selectedcolor>selected</selectedcolor>
					<align>left</align>
					<aligny>center</aligny>
					<label>Группа:</label>
				</control>
				<control type="label">
					<posx>540</posx>
					<posy>670</posy>
					<width>160</width>
					<height>35</height>
					<font>font14</font>
					<textcolor>FFb4b4b4</textcolor>
					<selectedcolor>selected</selectedcolor>
					<align>center</align>
					<aligny>center</aligny>
					<label>Каналов: $INFO[Container(600).NumItems]</label>
				</control>
				<control type="image">
					<animation effect="zoom" start="0,0,660,620" end="0,0,710,620" time="300" tween="quadratic" easing="out" condition="ControlGroup(300).HasFocus">Conditional</animation>
					<animation effect="zoom" start="0,0,710,620" end="0,0,660,620" time="200" delay="200" tween="quadratic" easing="out" condition="!ControlGroup(300).HasFocus">Conditional</animation>
					<description>panel1 image</description>
					<posx>30</posx>
					<posy>50</posy>
					<width>660</width>
					<height>620</height>
					<texture border="12">rcb-ContentPanel3.png</texture>
					<!--<visible>Control.IsVisible(52)</visible-->
				</control>
				
				
				<!-- список  и информация-->
				<control type="group">
					<posx>50</posx>
					<posy>10</posy>
					<!--<visible>Control.IsVisible(52)</visible-->
					<control type="label">
						<posx>5</posx>
						<posy>15</posy>
						<width>720</width>
						<height>30</height>
						<font>font16caps</font>
						<aligny>center</aligny>
						<textcolor>DDFFFFFF</textcolor>
						<selectedcolor>FFe2ff43</selectedcolor>
						<align>center</align>
						<label>$INFO[Window.Property(group)]</label>
						<!--<visible>Control.IsVisible(52)</visible-->
					</control>
				
					<!-- панель информации -->
					<control type="group">
						<animation effect="slide" start="0,0" end="80,0" time="300" tween="quadratic" easing="out" condition="ControlGroup(300).HasFocus">Conditional</animation>
						<animation effect="slide" start="80,0" end="0,0" time="200" delay="200" tween="quadratic" easing="out" condition="!ControlGroup(300).HasFocus">Conditional</animation>
						<posx>650</posx>
						<posy>40</posy>
						<!--<visible>Control.IsVisible(52)</visible-->
						<control type="image">
							<description>panel2 image</description>
							<posx>0</posx>
							<posy>0</posy>
							<width>560</width>
							<height>620</height>
							<texture border="12">rcb-ContentPanel3.png</texture>
						</control>
						
						<!-- infotbn -->
						<control type="image">
							<animation delay="200" effect="fade" start="0" end="100">Visible</animation>
							<description>bg</description>
							<posx>20</posx>
							<posy>20</posy>
							<width>520</width>
							<height>320</height>
							<texture>PTV-video-bg.png</texture>
							<bordertexture border="2">KeyboardKeyNF.png</bordertexture>
							<bordersize>2</bordersize>
						</control>
						
						<control type="image" id="2001">
							<animation delay="200" effect="fade" start="0" end="100">Visible</animation>
							<description>bigimg</description>
							<posx>20</posx>
							<posy>20</posy>
							<width>520</width>
							<height>320</height>
							<texture>$INFO[Window.Property(EPG0_img)]</texture>
							<bordertexture border="2">rcb-button-nofocus.png</bordertexture>
							<bordersize>2</bordersize>
							<visible>IsEmpty(Player.Time)</visible>
						</control>
						<control type="videowindow" id="2300">
							<description>video control</description>
							<posx>22</posx>
							<posy>22</posy>
							<width>516</width>
							<height>316</height>
							<!--visible>!IsEmpty(Window.Property(videosizebig)) + !IsEmpty(Window.Property(gameplaymain))</visible-->
						</control>
						
						<control type="image" id="2011">
							<animation delay="200" effect="fade" start="0" end="100">Visible</animation>
							<description>glass</description>
							<posx>22</posx>
							<posy>233</posy>
							<width>516</width>
							<height>106</height>
							<texture>PTV-glass.png</texture>
						</control>
						
						<control type="button">
							<description>click absorber</description>
							<posx>22</posx>
							<posy>22</posy>
							<width>516</width>
							<height>316</height>
							<texturefocus></texturefocus>
							<texturenofocus></texturenofocus>
						</control>
						
						<control type="group">
							<posx>25</posx>
							<posy>345</posy>
							
							<control type="image">
								<posx>0</posx>
								<posy>5</posy>
								<width>530</width>
								<height>3</height>
								<texture>rcb-separator.png</texture>
							</control>
							
							<!-- EPG0 -->
							<control type="group">											<!-- Progressbar -->
								<description>Progressbar</description>
								<left>57</left>
								<top>17</top>
								<width>400</width>
								<height>16</height>
								<visible>!IsEmpty(Window.Property(EPG0_time))</visible>
								
								<control type="image">
									<texture border="14,0,14,0">rcb-ScrollBarH_bar.png</texture>
								</control>
								<control type="image">
									<width>25</width>
									<texture border="12,0,12,0">rcb-ScrollBarH_bar_focus.png</texture>
									<visible>!IsEmpty(Window.Property(EPG_pr0))</visible>
								</control>
								<control type="image">
									<width>40</width>
									<texture border="14,0,14,0">rcb-ScrollBarH_bar_focus.png</texture>
									<visible>!IsEmpty(Window.Property(EPG_pr10))</visible>
								</control>
								<control type="image">
									<width>80</width>
									<texture border="14,0,14,0">rcb-ScrollBarH_bar_focus.png</texture>
									<visible>!IsEmpty(Window.Property(EPG_pr20))</visible>
								</control>
								<control type="image">
									<width>120</width>
									<texture border="14,0,14,0">rcb-ScrollBarH_bar_focus.png</texture>
									<visible>!IsEmpty(Window.Property(EPG_pr30))</visible>
								</control>
								<control type="image">
									<width>160</width>
									<texture border="14,0,14,0">rcb-ScrollBarH_bar_focus.png</texture>
									<visible>!IsEmpty(Window.Property(EPG_pr40))</visible>
								</control>
								<control type="image">
									<width>200</width>
									<texture border="14,0,14,0">rcb-ScrollBarH_bar_focus.png</texture>
									<visible>!IsEmpty(Window.Property(EPG_pr50))</visible>
								</control>
								<control type="image">
									<width>240</width>
									<texture border="14,0,14,0">rcb-ScrollBarH_bar_focus.png</texture>
									<visible>!IsEmpty(Window.Property(EPG_pr60))</visible>
								</control>
								<control type="image">
									<width>280</width>
									<texture border="14,0,14,0">rcb-ScrollBarH_bar_focus.png</texture>
									<visible>!IsEmpty(Window.Property(EPG_pr70))</visible>
								</control>
								<control type="image">
									<width>320</width>
									<texture border="14,0,14,0">rcb-ScrollBarH_bar_focus.png</texture>
									<visible>!IsEmpty(Window.Property(EPG_pr80))</visible>
								</control>
								<control type="image">
									<width>360</width>
									<texture border="14,0,14,0">rcb-ScrollBarH_bar_focus.png</texture>
									<visible>!IsEmpty(Window.Property(EPG_pr90))</visible>
								</control>
								<control type="image">
									<width>390</width>
									<texture border="14,0,14,0">rcb-ScrollBarH_bar_focus.png</texture>
									<visible>!IsEmpty(Window.Property(EPG_pr100))</visible>
								</control>
							</control>
							
							<control type="label">
								<description>EPG0_time</description>
								<posx>0</posx>
								<posy>12</posy>
								<width>140</width>
								<height>25</height>
								<label>$INFO[Window.Property(EPG0_time)]</label>
								<align>left</align>
								<aligny>center</aligny>
								<font>font13_title</font>
								<textcolor>FF0084ff</textcolor>
							</control>
							<control type="label">
								<description>EPG1_time</description>
								<posx>95r</posx>
								<posy>12</posy>
								<width>140</width>
								<height>25</height>
								<label>$INFO[Window.Property(EPG1_time)]</label>
								<align>left</align>
								<aligny>center</aligny>
								<font>font13_title</font>
								<textcolor>FF0084ff</textcolor>
							</control>
							<control type="label">
								<posx>3</posx>
								<posy>40</posy>
								<width>510</width>
								<height>30</height>
								<font>font24_title</font>
								<aligny>left</aligny>
								<textcolor>DDFFFFFF</textcolor>
								<selectedcolor>FFe2ff43</selectedcolor>
								<align>center</align>
								<label>$INFO[Window.Property(EPG0_title)]</label>
							</control>
							<control type="textbox" id="2101">
								<description>Plot</description>
								<posx>3</posx>
								<posy>80</posy>
								<width>510</width>
								<height>48</height>
								<!--<pagecontrol>2201</pagecontrol>-->
								<textcolor>DDFFFFFF</textcolor>
								<!--<align>justify</align>-->
								<align>center</align>
								<font>font12</font>
								<label>$INFO[Window.Property(EPG0_plot)]</label>
							</control>
							
							<!-- EPG 1-2 -->
							<control type="group">
								<animation effect="slide" start="0,0" end="0,-55" time="200" tween="quadratic" easing="out" condition="IsEmpty(Window.Property(EPG0_plot))">Conditional</animation>
								<control type="image">
									<posx>0</posx>
									<posy>150</posy>
									<width>520</width>
									<height>1</height>
									<texture>rcb-separator2.png</texture>
									<visible>!IsEmpty(Window.Property(EPG0_time))</visible>
								</control>
								
								
								<!-- EPG1 -->
								<control type="label">
									<description>EPG1</description>
									<posx>5</posx>
									<posy>170</posy>
									<width>140</width>
									<height>25</height>
									<label>$INFO[Window.Property(EPG1_time)]</label>
									<align>left</align>
									<aligny>center</aligny>
									<font>font13_title</font>
									<textcolor>FF0084ff</textcolor>
								</control>
								<control type="label">
									<description>Value</description>
									<posx>80</posx>
									<posy>170</posy>
									<width>420</width>
									<height>25</height>
									<label>$INFO[Window.Property(EPG1_title)]</label>
									<align>left</align>
									<aligny>center</aligny>
									<font>font13</font>
									<scroll>false</scroll>
								</control>
								
								<!-- EPG2 -->
								<control type="label">
									<description>EPG2</description>
									<posx>5</posx>
									<posy>195</posy>
									<width>140</width>
									<height>25</height>
									<label>$INFO[Window.Property(EPG2_time)]</label>
									<align>left</align>
									<aligny>center</aligny>
									<font>font13_title</font>
									<textcolor>FF0084ff</textcolor>
								</control>
								<control type="label">
									<description>Value</description>
									<posx>80</posx>
									<posy>195</posy>
									<width>420</width>
									<height>25</height>
									<label>$INFO[Window.Property(EPG2_title)]</label>
									<align>left</align>
									<aligny>center</aligny>
									<font>font13</font>
									<scroll>false</scroll>
								</control>
							</control>
						</control>
					</control>
					
					<!-- список -->
					<control type="list" id="600">
						<posx>0</posx>
						<posy>70</posy>
						<width>600</width>
						<height>560</height>
						<onleft>300</onleft>
						<onright>61</onright>
						<preloaditems>true</preloaditems>
						<onup>600</onup>
						<ondown>600</ondown>
						<pagecontrol>61</pagecontrol>
						<viewtype label="Info 2">list</viewtype>
						<scrolltime>100</scrolltime>
						<itemlayout height="70" width="585">
							<!--control type="image">
								<posx>0</posx>
								<posy>0</posy>
								<width>1</width>
								<height>1</height>
								<background>true</background>
								<texture>$INFO[Window.Property(EPG0_img)]</texture>
								<visible>false</visible>
							</control-->
							<control type="image">
								<posx>0</posx>
								<posy>0</posy>
								<width>585</width>
								<height>70</height>
								<texture border="0,2,0,2">rcb-MenuItemNF.png</texture>
							</control>
							<control type="image">
								<posx>4</posx>
								<posy>4</posy>
								<width>62</width>
								<height>62</height>
								<texture>$INFO[ListItem.Property(picon_background)]</texture>
							</control>
							<control type="image">
								<posx>5</posx>
								<posy>5</posy>
								<width>60</width>
								<height>60</height>
								<aspectratio>keep</aspectratio>
								<texture>$INFO[ListItem.Property(picon)]</texture>
							</control>
							<control type="image">
								<posx>50r</posx>
								<posy>7</posy>
								<width>60</width>
								<height>22</height>
								<texture>rec1.png</texture>
								<visible>!IsEmpty(ListItem.Property(arhive))</visible>
							</control>
							<control type="label">
								<posx>75</posx>
								<posy>0</posy>
								<width>530</width>
								<height>35</height>
								<font>font14</font>
								<textcolor>FFb4b4b4</textcolor>
								<selectedcolor>selected</selectedcolor>
								<align>left</align>
								<aligny>center</aligny>
								<label>$INFO[ListItem.Label]</label>
							</control>
							<control type="label">
								<posx>75</posx>
								<posy>0</posy>
								<width>530</width>
								<height>35</height>
								<font>font14</font>
								<textcolor>FFFFAA22</textcolor>
								<selectedcolor>selected</selectedcolor>
								<align>left</align>
								<aligny>center</aligny>
								<label>$INFO[ListItem.Label2]</label>
							</control>
							<control type="label">
								<animation effect="slide" start="0,0" end="90,0" time="300" tween="quadratic" easing="out" condition="ControlGroup(300).HasFocus">Conditional</animation>
								<posx>70</posx>
								<posy>30</posy>
								<width>530</width>
								<height>35</height>
								<font>font12</font>
								<textcolor>DDb4b4b4</textcolor>
								<selectedcolor>selected</selectedcolor>
								<align>right</align>
								<aligny>center</aligny>
								<label>$INFO[ListItem.Property(EPG0_title)]</label>
							</control>
						</itemlayout>
						<focusedlayout height="70" width="585">
							<control type="image">
								<posx>0</posx>
								<posy>0</posy>
								<width>585</width>
								<height>70</height>
								<texture border="0,2,0,2">rcb-MenuItemNF.png</texture>
								<visible>!Control.HasFocus(600)</visible>
							</control>
							<control type="image">
								<posx>0</posx>
								<posy>0</posy>
								<width>585</width>
								<height>70</height>
								<texture border="0,2,0,2">rcb-MenuItemFO.png</texture>
								<visible>Control.HasFocus(600)</visible>
							</control>
							<control type="image">
								<posx>4</posx>
								<posy>4</posy>
								<width>62</width>
								<height>62</height>
								<texture>$INFO[ListItem.Property(picon_background)]</texture>
							</control>
							<control type="image">
								<posx>5</posx>
								<posy>5</posy>
								<width>60</width>
								<height>60</height>
								<aspectratio>keep</aspectratio>
								<texture>$INFO[ListItem.Property(picon)]</texture>
							</control>
							<control type="image">
								<posx>50r</posx>
								<posy>7</posy>
								<width>60</width>
								<height>22</height>
								<texture>rec1.png</texture>
								<visible>!IsEmpty(ListItem.Property(arhive))</visible>
							</control>
							<control type="label">
								<posx>75</posx>
								<posy>0</posy>
								<width>530</width>
								<height>35</height>
								<font>font14</font>
								<textcolor>white</textcolor>
								<selectedcolor>selected</selectedcolor>
								<align>left</align>
								<aligny>center</aligny>
								<label>$INFO[ListItem.Label]</label>
							</control>
							<control type="label">
								<posx>75</posx>
								<posy>0</posy>
								<width>530</width>
								<height>35</height>
								<font>font14</font>
								<textcolor>FFFFAA22</textcolor>
								<selectedcolor>selected</selectedcolor>
								<align>left</align>
								<aligny>center</aligny>
								<label>$INFO[ListItem.Label2]</label>
							</control>
							<control type="label">
								<animation effect="slide" start="0,0" end="90,0" time="300" tween="quadratic" easing="out" condition="ControlGroup(300).HasFocus">Conditional</animation>
								<posx>70</posx>
								<posy>30</posy>
								<width>530</width>
								<height>35</height>
								<font>font13</font>
								<textcolor>white</textcolor>
								<selectedcolor>selected</selectedcolor>
								<align>right</align>
								<aligny>center</aligny>
								<label>$INFO[ListItem.Property(EPG0_title)]</label>
							</control>
						</focusedlayout>
					</control>
					<control type="scrollbar" id="61">
						<animation effect="slide" start="0,0" end="50,0" time="300" tween="quadratic" easing="out" condition="ControlGroup(300).HasFocus">Conditional</animation>
						<animation effect="slide" start="50,0" end="0,0" time="200" delay="200" tween="quadratic" easing="out" condition="!ControlGroup(300).HasFocus">Conditional</animation>
						<posx>605</posx>
						<posy>55</posy>
						<width>25</width>
						<height>590</height>
						<texturesliderbackground border="0,14,0,14">rcb-ScrollBarV.png</texturesliderbackground>
						<texturesliderbar border="0,14,0,14">rcb-ScrollBarV_bar.png</texturesliderbar>
						<texturesliderbarfocus border="0,14,0,14">rcb-ScrollBarV_bar_focus.png</texturesliderbarfocus>
						<textureslidernib>rcb-ScrollBarNib.png</textureslidernib>
						<textureslidernibfocus>rcb-ScrollBarNib.png</textureslidernibfocus>
						<onleft>600</onleft>
						<onright>2</onright>
						<showonepage>false</showonepage>
						<orientation>vertical</orientation>
						<visible allowhiddenfocus="true">Control.IsVisible(600)</visible>
					</control>
					
				</control>
			</control>
		</control>
		
		<!-- панель групп -->
		<control type="group" id="300">
					<animation effect="slide" start="0,0" end="180,0" time="300" tween="quadratic" easing="out" condition="ControlGroup(300).HasFocus">Conditional</animation>
					<animation effect="slide" start="180,0" end="0,0" time="200" delay="200" tween="quadratic" easing="out" condition="!ControlGroup(300).HasFocus">Conditional</animation>
					
					<control type="image">
						<description>panel3 image</description>
						<posx>-330</posx>
						<posy>50</posy>
						<width>350</width>
						<height>620</height>
						<texture border="12">rcb-ContentPanel3.png</texture>
						<visible>Control.IsVisible(300)</visible>
					</control>
					
					<control type="list" id="800">
							<posx>-360</posx>
							<posy>70</posy>
							<width>385</width>
							<height>560</height>
							<onleft>200</onleft>
							<onright>600</onright>
							<onup>1</onup>
							<ondown>800</ondown>
							<pagecontrol>610</pagecontrol>
							<visible>Control.IsVisible(300)</visible>
							<viewtype label="Info 2">list</viewtype>
							<scrolltime>100</scrolltime>
							<itemlayout height="35" width="585">
								<control type="image">
									<posx>40</posx>
									<posy>0</posy>
									<width>330</width>
									<height>35</height>
									<texture border="0,2,0,2">rcb-MenuItemNF.png</texture>
								</control>
								<control type="label">
									<posx>55</posx>
									<posy>0</posy>
									<width>350</width>
									<height>35</height>
									<font>font14</font>
									<textcolor>FFb4b4b4</textcolor>
									<selectedcolor>selected</selectedcolor>
									<align>left</align>
									<aligny>center</aligny>
									<label>$INFO[ListItem.Label]</label>
								</control>
							</itemlayout>
							<focusedlayout height="35" width="585">
								<control type="image">
									<posx>40</posx>
									<posy>0</posy>
									<width>330</width>
									<height>35</height>
									<texture border="0,2,0,2">rcb-MenuItemNF.png</texture>
									<visible>!Control.HasFocus(800)</visible>
								</control>
								<control type="image">
									<posx>40</posx>
									<posy>0</posy>
									<width>330</width>
									<height>35</height>
									<texture border="0,2,0,2">rcb-MenuItemFO.png</texture>
									<visible>Control.HasFocus(800)</visible>
								</control>
								<control type="label">
									<posx>55</posx>
									<posy>0</posy>
									<width>360</width>
									<height>35</height>
									<font>font14</font>
									<textcolor>white</textcolor>
									<selectedcolor>selected</selectedcolor>
									<align>left</align>
									<aligny>center</aligny>
									<label>$INFO[ListItem.Label]</label>
								</control>
							</focusedlayout>
					</control>
					
					<control type="button" id="6">
						<posx>-330</posx>
						<posy>0</posy>
						<width>350</width>
						<height>70</height>
						<texturefocus></texturefocus>
						<texturenofocus></texturenofocus>
						<label></label>
						<onup>5</onup>
						<ondown>5</ondown>
						<onleft>5</onleft>
						<onright>5</onright>
					</control>
					<control type="button" id="1">
						<posx>-330</posx>
						<posy>10</posy>
						<width>180</width>
						<height>40</height>
						<texturefocus   border="4" colordiffuse="EEFFFFFF">PTV-tab.png</texturefocus>
						<texturenofocus border="4" colordiffuse="EE222222">PTV-tab.png</texturenofocus>
						<label>Порядок: </label>
						<font>font12</font>
						<align>center</align>
						<textcolor>FF999999</textcolor>
						<focusedcolor>FFFFFFFF</focusedcolor>
						<disabledcolor>80FFFFFF</disabledcolor>
						<invalidcolor>FFFFFFFF</invalidcolor>
						<onclick></onclick>
						<onup>6</onup>
						<ondown>800</ondown>
						<onleft>5</onleft>
						<onright>5</onright>
					</control>
					<control type="button" id="5">
						<posx>-160</posx>
						<posy>10</posy>
						<width>180</width>
						<height>40</height>
						<texturefocus   border="4" colordiffuse="EEFFFFFF">PTV-tab.png</texturefocus>
						<texturenofocus border="4" colordiffuse="EE222222">PTV-tab.png</texturenofocus>
						<label>Настройки</label>
						<font>font12</font>
						<align>center</align>
						<textcolor>FF999999</textcolor>
						<focusedcolor>FFFFFFFF</focusedcolor>
						<disabledcolor>80FFFFFF</disabledcolor>
						<invalidcolor>FFFFFFFF</invalidcolor>
						<onclick></onclick>
						<onup>6</onup>
						<ondown>800</ondown>
						<onleft>1</onleft>
						<onright>1</onright>
					</control>
		</control>
		<!--<control type="group" id="900">
			<visible>!IsEmpty(Player.Time)</visible>
			<control type="image" id="2001">
				<animation delay="200" effect="fade" start="0" end="100">Visible</animation>
				<description>bigimg</description>
				<posx>0</posx>
				<posy>-200</posy>
				<width>1280</width>
				<height>1120</height>
				<texture>$INFO[Window.Property(EPG0_img)]</texture>
				<bordersize>2</bordersize>
			</control>
			
			<control type="videowindow" id="2300">
				<description>video control</description>
				<posx>0</posx>
				<posy>-200</posy>
				<width>1280</width>
				<height>1120</height>
				<visible>!IsEmpty(Window.Property(videosizebig)) + !IsEmpty(Window.Property(gameplaymain))</visible>
			</control>
		</control>-->
		<!-- Messages -->
		<control type="label" id="4000">
			<description>Notes</description>
			<posx>10</posx>
			<posy>560</posy>
			<width>680</width>
			<height>10</height>
			<align>left</align>
			<scroll>true</scroll>
		    <textcolor>DDFFFFFF</textcolor>
		    <label></label>
			<font>font10</font>
		</control>		
	</controls>
</window>
