<?xml version="1.0" encoding="UTF-8" standalone="yes"?>
<addon id="plugin.audio.myzuka.fm"
       name="Myzuka"
       version="0.8.0"
       provider-name="TDW">
  <requires>
    <import addon="xbmc.python" version="2.1.0"/>
  </requires>
  <extension point="xbmc.python.pluginsource"
            library="default.py">
        <provides>audio</provides>
  </extension>
  <extension point="xbmc.addon.metadata">
    <platform>all</platform>
    <summary>myzuka.me — музыкальный портал, на котором вы можете бесплатно слушать песни и скачать музыку в формате mp3.</summary>
    <description>myzuka.me — музыкальный портал, на котором вы можете бесплатно слушать песни и скачать музыку в формате mp3.</description>
  </extension>
</addon>
