<?xml version="1.0" encoding="UTF-8" standalone="yes"?>
<addon id="plugin.video.coldfilm.ru"
       name="ColdFilm.ru"
       version="0.1.2"
       provider-name="TDW">
  <requires>
    <import addon="xbmc.python" version="2.1.0"/>
    <import addon="script.module.torrent.ts"/>
  </requires>
  <extension point="xbmc.python.pluginsource"
            library="default.py">
        <provides>video</provides>
  </extension>
  <extension point="xbmc.addon.metadata">
    <summary>СoldFilm.ru</summary>
    <description>СoldFilm.ru for AceStreem, YATP, T2Http</description>
    <platform>all</platform>
  </extension>
</addon>
